
============================================
 Foundgine Agent End-to-End Performance Run
============================================
Mode:                    replay
Customer tiers:          10, 100, 1000, 10000
Concurrency:             8, 16, 32, 64
Runs per tier:           30, 30, 30, 30
Warmups per flow:        5
Relationships/customer:  4
Contracts/relationship:  3
Transactions/contract:   4
Reports:                 C:\Foundgine\benchmarks\AgentEndToEnd\Run2\artifacts

Restoring benchmark projects...
  Determining projects to restore...
  All projects are up-to-date for restore.
  Determining projects to restore...
  All projects are up-to-date for restore.
Removing benchmark containers and PostgreSQL volume...
Removing benchmark containers and PostgreSQL volume...
Starting PostgreSQL 17 benchmark container on host port 45525...
 Network foundgine-agent-e2e_default Creating 
 Network foundgine-agent-e2e_default Created 
 Volume foundgine-agent-e2e_agent-e2e-postgres-data Creating 
 Volume foundgine-agent-e2e_agent-e2e-postgres-data Created 
 Container foundgine-agent-e2e-postgres-1 Creating 
 Container foundgine-agent-e2e-postgres-1 Created 
 Container foundgine-agent-e2e-postgres-1 Starting 
 Container foundgine-agent-e2e-postgres-1 Started 
Waiting for PostgreSQL...
Seeding fixture: 10 customers ...
Seeding 10 customers, 40 relationships, 120 contracts and 480 transactions...
Seeded: 10 customers, 40 relationships, 120 contracts, 480 transactions.
Benchmark graph for Customer 1: 4 relationships -> 12 contracts -> 48 transactions.
Customer 1 is the deterministic benchmark target.
Building and starting Foundgine warm benchmark API...
 Image foundgine-agent-e2e-foundgine-warm Building 
#1 [internal] load local bake definitions
#1 reading from stdin 612B done
#1 DONE 0.0s

#2 [internal] load build definition from Dockerfile
#2 transferring dockerfile: 1.18kB done
#2 DONE 0.0s

#3 [internal] load metadata for mcr.microsoft.com/dotnet/aspnet:9.0
#3 ...

#4 [internal] load metadata for mcr.microsoft.com/dotnet/sdk:9.0
#4 DONE 0.2s

#3 [internal] load metadata for mcr.microsoft.com/dotnet/aspnet:9.0
#3 DONE 0.2s

#5 [internal] load .dockerignore
#5 transferring context: 2B done
#5 DONE 0.0s

#6 [stage-1 1/4] FROM mcr.microsoft.com/dotnet/aspnet:9.0@sha256:b1201ee0ccf9a22c06844982296c1be40d5ff9c7685dc002729f204e63fb1730
#6 resolve mcr.microsoft.com/dotnet/aspnet:9.0@sha256:b1201ee0ccf9a22c06844982296c1be40d5ff9c7685dc002729f204e63fb1730 0.0s done
#6 DONE 0.0s

#7 [build 1/5] FROM mcr.microsoft.com/dotnet/sdk:9.0@sha256:f190d2dd9eef2899c91ac323caa0bd2b39334a5400ba93013e5199da39dad940
#7 resolve mcr.microsoft.com/dotnet/sdk:9.0@sha256:f190d2dd9eef2899c91ac323caa0bd2b39334a5400ba93013e5199da39dad940 0.0s done
#7 DONE 0.0s

#8 [internal] load build context
#8 transferring context: 214.22kB 0.1s done
#8 DONE 0.1s

#9 [build 2/5] WORKDIR /src
#9 CACHED

#10 [build 3/5] COPY . .
#10 DONE 0.8s

#11 [build 4/5] RUN dotnet restore     benchmarks/CoffeeBeanery.Performance/Foundgine.CoffeeBeanery.BenchmarkApi/Foundgine.CoffeeBeanery.BenchmarkApi.csproj
#11 0.657   Determining projects to restore...
#11 1.586   Restored /src/src/Foundgine.Execution/Foundgine.Execution.csproj (in 103 ms).
#11 1.586   Restored /src/src/Foundgine.Planning/Foundgine.Planning.csproj (in 103 ms).
#11 1.586   Restored /src/src/Foundgine.Metadata/Foundgine.Metadata.csproj (in 103 ms).
#11 1.586   Restored /src/src/Foundgine.Abstractions/Foundgine.Abstractions.csproj (in 89 ms).
#11 1.586   Restored /src/src/Foundgine.Semantics/Foundgine.Semantics.csproj (in 103 ms).
#11 3.541   Restored /src/src/Foundgine/Foundgine.csproj (in 2.08 sec).
#11 3.541   Restored /src/src/Foundgine.Sql/Foundgine.Sql.csproj (in 1.95 sec).
#11 3.541   Restored /src/src/Foundgine.GraphQL.HotChocolate/Foundgine.GraphQL.HotChocolate.csproj (in 2.09 sec).
#11 3.542   Restored /src/src/Foundgine.GraphQL.HotChocolate.Mutations/Foundgine.GraphQL.HotChocolate.Mutations.csproj (in 2.09 sec).
#11 3.543   Restored /src/benchmarks/CoffeeBeanery.Performance/Foundgine.CoffeeBeanery.BenchmarkApi/Foundgine.CoffeeBeanery.BenchmarkApi.csproj (in 1.95 sec).
#11 DONE 3.6s

#12 [build 5/5] RUN dotnet publish     benchmarks/CoffeeBeanery.Performance/Foundgine.CoffeeBeanery.BenchmarkApi/Foundgine.CoffeeBeanery.BenchmarkApi.csproj     -c Release     -o /app/publish
#12 0.863   Determining projects to restore...
#12 1.867   All projects are up-to-date for restore.
#12 3.991   Foundgine.Abstractions -> /src/src/Foundgine.Abstractions/bin/Release/net9.0/Foundgine.Abstractions.dll
#12 5.072   Foundgine.Semantics -> /src/src/Foundgine.Semantics/bin/Release/net9.0/Foundgine.Semantics.dll
#12 5.480   Foundgine.Metadata -> /src/src/Foundgine.Metadata/bin/Release/net9.0/Foundgine.Metadata.dll
#12 5.599   Foundgine.Planning -> /src/src/Foundgine.Planning/bin/Release/net9.0/Foundgine.Planning.dll
#12 6.088   Foundgine.Execution -> /src/src/Foundgine.Execution/bin/Release/net9.0/Foundgine.Execution.dll
#12 6.588   Foundgine -> /src/src/Foundgine/bin/Release/net9.0/Foundgine.dll
#12 6.866   Foundgine.Sql -> /src/src/Foundgine.Sql/bin/Release/net9.0/Foundgine.Sql.dll
#12 7.105   Foundgine.GraphQL.HotChocolate -> /src/src/Foundgine.GraphQL.HotChocolate/bin/Release/net9.0/Foundgine.GraphQL.HotChocolate.dll
#12 7.575   Foundgine.GraphQL.HotChocolate.Mutations -> /src/src/Foundgine.GraphQL.HotChocolate.Mutations/bin/Release/net9.0/Foundgine.GraphQL.HotChocolate.Mutations.dll
#12 8.434   Foundgine.CoffeeBeanery.BenchmarkApi -> /src/benchmarks/CoffeeBeanery.Performance/Foundgine.CoffeeBeanery.BenchmarkApi/bin/Release/net9.0/Foundgine.CoffeeBeanery.BenchmarkApi.dll
#12 8.490   Foundgine.CoffeeBeanery.BenchmarkApi -> /app/publish/
#12 DONE 8.6s

#13 [stage-1 3/4] WORKDIR /app
#13 CACHED

#14 [stage-1 2/4] RUN apt-get update     && apt-get install -y --no-install-recommends curl     && rm -rf /var/lib/apt/lists/*
#14 CACHED

#15 [stage-1 4/4] COPY --from=build /app/publish .
#15 CACHED

#16 exporting to image
#16 exporting layers done
#16 exporting manifest sha256:3fdb7cd0bf7564dd495819c9cc8607a7be6139d8683037595e3f7fe34a7854eb done
#16 exporting config sha256:1771bebcaf20ba60a3c52af83e0cddcf01896622e5c8c7395aa2c8a5307a8b41 done
#16 exporting attestation manifest sha256:8ef58be091ac538305b180272acab43a9fa0d62a3eb47e3413b10718922963de 0.0s done
#16 exporting manifest list sha256:91d74f9c3d645b8473793423bb7369b75d4ee0c196891a65d035a97cfdea1e38 0.0s done
#16 naming to docker.io/library/foundgine-agent-e2e-foundgine-warm:latest done
#16 unpacking to docker.io/library/foundgine-agent-e2e-foundgine-warm:latest done
#16 DONE 0.1s

#17 resolving provenance for metadata file
#17 DONE 0.0s
 Image foundgine-agent-e2e-foundgine-warm Built 
 Container foundgine-agent-e2e-foundgine-warm-1 Creating 
 Container foundgine-agent-e2e-foundgine-warm-1 Created 
 Container foundgine-agent-e2e-foundgine-warm-1 Starting 
 Container foundgine-agent-e2e-foundgine-warm-1 Started 
Waiting for http://localhost:4302/health/ready ...

>>> Concurrency tier: 8

============================================
 Agent benchmark: 10 customers / 30 runs
============================================
Scenario: customer-exposure-review-query-mutation-query-mutation
Mode: replay; concurrency=8; warmups=5; runs=30; fixtureCustomer=1
Fixture: relationships=4, contracts=12, transactions=48, exposure=48,240.00
Conventional run=1: concurrency=8 workers=8 success=8 failed=0 rps=329.0 avgWall=23.3ms p50=23.2ms p95=24.2ms p99=24.3 maxWall=24.3ms toolCalls/flow=9.0 estToolInputTokens=61 estToolOutputTokens=797 estContextLoadTokens=1164 providerTokens=N/A activeHttpPeak=0 httpRetries=0
Conventional run=2: concurrency=8 workers=8 success=8 failed=0 rps=346.0 avgWall=22.2ms p50=22.2ms p95=22.8ms p99=23.1 maxWall=23.1ms toolCalls/flow=9.0 estToolInputTokens=61 estToolOutputTokens=797 estContextLoadTokens=1164 providerTokens=N/A activeHttpPeak=0 httpRetries=0
Conventional run=3: concurrency=8 workers=8 success=8 failed=0 rps=350.0 avgWall=21.6ms p50=22.0ms p95=22.7ms p99=22.8 maxWall=22.9ms toolCalls/flow=9.0 estToolInputTokens=61 estToolOutputTokens=797 estContextLoadTokens=1164 providerTokens=N/A activeHttpPeak=0 httpRetries=0
Conventional run=4: concurrency=8 workers=8 success=8 failed=0 rps=390.3 avgWall=19.8ms p50=20.0ms p95=20.5ms p99=20.5 maxWall=20.5ms toolCalls/flow=9.0 estToolInputTokens=61 estToolOutputTokens=797 estContextLoadTokens=1164 providerTokens=N/A activeHttpPeak=0 httpRetries=0
Conventional run=5: concurrency=8 workers=8 success=8 failed=0 rps=391.8 avgWall=19.2ms p50=19.0ms p95=20.3ms p99=20.4 maxWall=20.4ms toolCalls/flow=9.0 estToolInputTokens=61 estToolOutputTokens=797 estContextLoadTokens=1164 providerTokens=N/A activeHttpPeak=0 httpRetries=0
Conventional run=6: concurrency=8 workers=8 success=8 failed=0 rps=389.3 avgWall=19.5ms p50=19.5ms p95=20.3ms p99=20.5 maxWall=20.5ms toolCalls/flow=9.0 estToolInputTokens=61 estToolOutputTokens=797 estContextLoadTokens=1164 providerTokens=N/A activeHttpPeak=0 httpRetries=0
Conventional run=7: concurrency=8 workers=8 success=8 failed=0 rps=401.2 avgWall=19.3ms p50=19.2ms p95=19.9ms p99=19.9 maxWall=19.9ms toolCalls/flow=9.0 estToolInputTokens=61 estToolOutputTokens=797 estContextLoadTokens=1164 providerTokens=N/A activeHttpPeak=0 httpRetries=0
Conventional run=8: concurrency=8 workers=8 success=8 failed=0 rps=385.8 avgWall=19.6ms p50=19.9ms p95=20.6ms p99=20.7 maxWall=20.7ms toolCalls/flow=9.0 estToolInputTokens=61 estToolOutputTokens=797 estContextLoadTokens=1164 providerTokens=N/A activeHttpPeak=0 httpRetries=0
Conventional run=9: concurrency=8 workers=8 success=8 failed=0 rps=403.4 avgWall=19.3ms p50=19.4ms p95=19.7ms p99=19.8 maxWall=19.8ms toolCalls/flow=9.0 estToolInputTokens=61 estToolOutputTokens=797 estContextLoadTokens=1164 providerTokens=N/A activeHttpPeak=0 httpRetries=0
Conventional run=10: concurrency=8 workers=8 success=8 failed=0 rps=401.1 avgWall=19.3ms p50=19.5ms p95=19.9ms p99=19.9 maxWall=19.9ms toolCalls/flow=9.0 estToolInputTokens=61 estToolOutputTokens=797 estContextLoadTokens=1164 providerTokens=N/A activeHttpPeak=0 httpRetries=0
Conventional run=11: concurrency=8 workers=8 success=8 failed=0 rps=400.7 avgWall=19.5ms p50=19.5ms p95=19.9ms p99=20.0 maxWall=20.0ms toolCalls/flow=9.0 estToolInputTokens=61 estToolOutputTokens=797 estContextLoadTokens=1164 providerTokens=N/A activeHttpPeak=0 httpRetries=0
Conventional run=12: concurrency=8 workers=8 success=8 failed=0 rps=368.4 avgWall=21.1ms p50=21.1ms p95=21.6ms p99=21.7 maxWall=21.7ms toolCalls/flow=9.0 estToolInputTokens=61 estToolOutputTokens=797 estContextLoadTokens=1164 providerTokens=N/A activeHttpPeak=0 httpRetries=0
Conventional run=13: concurrency=8 workers=8 success=8 failed=0 rps=406.2 avgWall=18.7ms p50=18.9ms p95=19.6ms p99=19.7 maxWall=19.7ms toolCalls/flow=9.0 estToolInputTokens=61 estToolOutputTokens=797 estContextLoadTokens=1164 providerTokens=N/A activeHttpPeak=0 httpRetries=0
Conventional run=14: concurrency=8 workers=8 success=8 failed=0 rps=407.9 avgWall=18.9ms p50=19.0ms p95=19.5ms p99=19.6 maxWall=19.6ms toolCalls/flow=9.0 estToolInputTokens=61 estToolOutputTokens=797 estContextLoadTokens=1164 providerTokens=N/A activeHttpPeak=0 httpRetries=0
Conventional run=15: concurrency=8 workers=8 success=8 failed=0 rps=408.8 avgWall=18.9ms p50=18.9ms p95=19.5ms p99=19.6 maxWall=19.6ms toolCalls/flow=9.0 estToolInputTokens=61 estToolOutputTokens=797 estContextLoadTokens=1164 providerTokens=N/A activeHttpPeak=0 httpRetries=0
Conventional run=16: concurrency=8 workers=8 success=8 failed=0 rps=402.9 avgWall=19.0ms p50=19.0ms p95=19.8ms p99=19.8 maxWall=19.9ms toolCalls/flow=9.0 estToolInputTokens=61 estToolOutputTokens=797 estContextLoadTokens=1164 providerTokens=N/A activeHttpPeak=0 httpRetries=0
Conventional run=17: concurrency=8 workers=8 success=8 failed=0 rps=390.8 avgWall=19.5ms p50=19.6ms p95=20.3ms p99=20.4 maxWall=20.5ms toolCalls/flow=9.0 estToolInputTokens=61 estToolOutputTokens=797 estContextLoadTokens=1164 providerTokens=N/A activeHttpPeak=0 httpRetries=0
Conventional run=18: concurrency=8 workers=8 success=8 failed=0 rps=397.3 avgWall=19.4ms p50=19.5ms p95=20.0ms p99=20.1 maxWall=20.1ms toolCalls/flow=9.0 estToolInputTokens=61 estToolOutputTokens=797 estContextLoadTokens=1164 providerTokens=N/A activeHttpPeak=0 httpRetries=0
Conventional run=19: concurrency=8 workers=8 success=8 failed=0 rps=411.7 avgWall=18.8ms p50=18.7ms p95=19.3ms p99=19.4 maxWall=19.4ms toolCalls/flow=9.0 estToolInputTokens=61 estToolOutputTokens=797 estContextLoadTokens=1164 providerTokens=N/A activeHttpPeak=0 httpRetries=0
Conventional run=20: concurrency=8 workers=8 success=8 failed=0 rps=391.4 avgWall=19.6ms p50=19.6ms p95=20.4ms p99=20.4 maxWall=20.4ms toolCalls/flow=9.0 estToolInputTokens=61 estToolOutputTokens=797 estContextLoadTokens=1164 providerTokens=N/A activeHttpPeak=0 httpRetries=0
Conventional run=21: concurrency=8 workers=8 success=8 failed=0 rps=380.1 avgWall=19.9ms p50=20.0ms p95=20.8ms p99=21.0 maxWall=21.0ms toolCalls/flow=9.0 estToolInputTokens=61 estToolOutputTokens=797 estContextLoadTokens=1164 providerTokens=N/A activeHttpPeak=0 httpRetries=0
Conventional run=22: concurrency=8 workers=8 success=8 failed=0 rps=370.9 avgWall=20.8ms p50=21.2ms p95=21.5ms p99=21.6 maxWall=21.6ms toolCalls/flow=9.0 estToolInputTokens=61 estToolOutputTokens=797 estContextLoadTokens=1164 providerTokens=N/A activeHttpPeak=0 httpRetries=0
Conventional run=23: concurrency=8 workers=8 success=8 failed=0 rps=409.2 avgWall=19.0ms p50=19.2ms p95=19.5ms p99=19.5 maxWall=19.6ms toolCalls/flow=9.0 estToolInputTokens=61 estToolOutputTokens=797 estContextLoadTokens=1164 providerTokens=N/A activeHttpPeak=0 httpRetries=0
Conventional run=24: concurrency=8 workers=8 success=8 failed=0 rps=395.2 avgWall=19.0ms p50=19.0ms p95=19.9ms p99=20.2 maxWall=20.2ms toolCalls/flow=9.0 estToolInputTokens=61 estToolOutputTokens=797 estContextLoadTokens=1164 providerTokens=N/A activeHttpPeak=0 httpRetries=0
Conventional run=25: concurrency=8 workers=8 success=8 failed=0 rps=340.1 avgWall=22.1ms p50=22.0ms p95=23.3ms p99=23.5 maxWall=23.5ms toolCalls/flow=9.0 estToolInputTokens=61 estToolOutputTokens=797 estContextLoadTokens=1164 providerTokens=N/A activeHttpPeak=0 httpRetries=0
Conventional run=26: concurrency=8 workers=8 success=8 failed=0 rps=351.9 avgWall=21.8ms p50=21.9ms p95=22.7ms p99=22.7 maxWall=22.7ms toolCalls/flow=9.0 estToolInputTokens=61 estToolOutputTokens=797 estContextLoadTokens=1164 providerTokens=N/A activeHttpPeak=0 httpRetries=0
Conventional run=27: concurrency=8 workers=8 success=8 failed=0 rps=384.6 avgWall=20.0ms p50=20.4ms p95=20.7ms p99=20.8 maxWall=20.8ms toolCalls/flow=9.0 estToolInputTokens=61 estToolOutputTokens=797 estContextLoadTokens=1164 providerTokens=N/A activeHttpPeak=0 httpRetries=0
Conventional run=28: concurrency=8 workers=8 success=8 failed=0 rps=389.5 avgWall=20.0ms p50=20.3ms p95=20.5ms p99=20.5 maxWall=20.5ms toolCalls/flow=9.0 estToolInputTokens=61 estToolOutputTokens=797 estContextLoadTokens=1164 providerTokens=N/A activeHttpPeak=0 httpRetries=0
Conventional run=29: concurrency=8 workers=8 success=8 failed=0 rps=390.4 avgWall=19.9ms p50=20.1ms p95=20.5ms p99=20.5 maxWall=20.5ms toolCalls/flow=9.0 estToolInputTokens=61 estToolOutputTokens=797 estContextLoadTokens=1164 providerTokens=N/A activeHttpPeak=0 httpRetries=0
Conventional run=30: concurrency=8 workers=8 success=8 failed=0 rps=388.4 avgWall=20.0ms p50=20.2ms p95=20.6ms p99=20.6 maxWall=20.6ms toolCalls/flow=9.0 estToolInputTokens=61 estToolOutputTokens=797 estContextLoadTokens=1164 providerTokens=N/A activeHttpPeak=0 httpRetries=0
Foundgine run=1: concurrency=8 workers=8 success=0 failed=8 rps=0.0 avgWall=2.7ms p50=0.0ms p95=0.0ms p99=0.0 maxWall=3.1ms toolCalls/flow=1.0 estToolInputTokens=1 estToolOutputTokens=42 estContextLoadTokens=356 providerTokens=N/A activeHttpPeak=8 httpRetries=0
  error=HttpRequest count=8 sample="Response status code does not indicate success: 400 (Bad Request)."
Foundgine run=2: concurrency=8 workers=8 success=0 failed=8 rps=0.0 avgWall=2.5ms p50=0.0ms p95=0.0ms p99=0.0 maxWall=3.0ms toolCalls/flow=1.0 estToolInputTokens=1 estToolOutputTokens=42 estContextLoadTokens=356 providerTokens=N/A activeHttpPeak=8 httpRetries=0
  error=HttpRequest count=8 sample="Response status code does not indicate success: 400 (Bad Request)."
Foundgine run=3: concurrency=8 workers=8 success=0 failed=8 rps=0.0 avgWall=2.3ms p50=0.0ms p95=0.0ms p99=0.0 maxWall=2.7ms toolCalls/flow=1.0 estToolInputTokens=1 estToolOutputTokens=42 estContextLoadTokens=356 providerTokens=N/A activeHttpPeak=8 httpRetries=0
  error=HttpRequest count=8 sample="Response status code does not indicate success: 400 (Bad Request)."
Foundgine run=4: concurrency=8 workers=8 success=0 failed=8 rps=0.0 avgWall=2.4ms p50=0.0ms p95=0.0ms p99=0.0 maxWall=2.7ms toolCalls/flow=1.0 estToolInputTokens=1 estToolOutputTokens=42 estContextLoadTokens=356 providerTokens=N/A activeHttpPeak=8 httpRetries=0
  error=HttpRequest count=8 sample="Response status code does not indicate success: 400 (Bad Request)."
Foundgine run=5: concurrency=8 workers=8 success=0 failed=8 rps=0.0 avgWall=3.6ms p50=0.0ms p95=0.0ms p99=0.0 maxWall=4.5ms toolCalls/flow=1.0 estToolInputTokens=1 estToolOutputTokens=42 estContextLoadTokens=356 providerTokens=N/A activeHttpPeak=8 httpRetries=0
  error=HttpRequest count=8 sample="Response status code does not indicate success: 400 (Bad Request)."
Foundgine run=6: concurrency=8 workers=8 success=0 failed=8 rps=0.0 avgWall=2.7ms p50=0.0ms p95=0.0ms p99=0.0 maxWall=3.2ms toolCalls/flow=1.0 estToolInputTokens=1 estToolOutputTokens=42 estContextLoadTokens=356 providerTokens=N/A activeHttpPeak=8 httpRetries=0
  error=HttpRequest count=8 sample="Response status code does not indicate success: 400 (Bad Request)."
Foundgine run=7: concurrency=8 workers=8 success=0 failed=8 rps=0.0 avgWall=6.7ms p50=0.0ms p95=0.0ms p99=0.0 maxWall=11.1ms toolCalls/flow=1.0 estToolInputTokens=1 estToolOutputTokens=42 estContextLoadTokens=356 providerTokens=N/A activeHttpPeak=8 httpRetries=0
  error=HttpRequest count=8 sample="Response status code does not indicate success: 400 (Bad Request)."
Foundgine run=8: concurrency=8 workers=8 success=0 failed=8 rps=0.0 avgWall=3.4ms p50=0.0ms p95=0.0ms p99=0.0 maxWall=6.9ms toolCalls/flow=1.0 estToolInputTokens=1 estToolOutputTokens=42 estContextLoadTokens=356 providerTokens=N/A activeHttpPeak=8 httpRetries=0
  error=HttpRequest count=8 sample="Response status code does not indicate success: 400 (Bad Request)."
Foundgine run=9: concurrency=8 workers=8 success=0 failed=8 rps=0.0 avgWall=2.2ms p50=0.0ms p95=0.0ms p99=0.0 maxWall=2.5ms toolCalls/flow=1.0 estToolInputTokens=1 estToolOutputTokens=42 estContextLoadTokens=356 providerTokens=N/A activeHttpPeak=8 httpRetries=0
  error=HttpRequest count=8 sample="Response status code does not indicate success: 400 (Bad Request)."
Foundgine run=10: concurrency=8 workers=8 success=0 failed=8 rps=0.0 avgWall=2.6ms p50=0.0ms p95=0.0ms p99=0.0 maxWall=3.1ms toolCalls/flow=1.0 estToolInputTokens=1 estToolOutputTokens=42 estContextLoadTokens=356 providerTokens=N/A activeHttpPeak=8 httpRetries=0
  error=HttpRequest count=8 sample="Response status code does not indicate success: 400 (Bad Request)."
Foundgine run=11: concurrency=8 workers=8 success=0 failed=8 rps=0.0 avgWall=2.9ms p50=0.0ms p95=0.0ms p99=0.0 maxWall=3.4ms toolCalls/flow=1.0 estToolInputTokens=1 estToolOutputTokens=42 estContextLoadTokens=356 providerTokens=N/A activeHttpPeak=8 httpRetries=0
  error=HttpRequest count=8 sample="Response status code does not indicate success: 400 (Bad Request)."
Foundgine run=12: concurrency=8 workers=8 success=0 failed=8 rps=0.0 avgWall=2.6ms p50=0.0ms p95=0.0ms p99=0.0 maxWall=2.9ms toolCalls/flow=1.0 estToolInputTokens=1 estToolOutputTokens=42 estContextLoadTokens=356 providerTokens=N/A activeHttpPeak=8 httpRetries=0
  error=HttpRequest count=8 sample="Response status code does not indicate success: 400 (Bad Request)."
Foundgine run=13: concurrency=8 workers=8 success=0 failed=8 rps=0.0 avgWall=2.5ms p50=0.0ms p95=0.0ms p99=0.0 maxWall=3.1ms toolCalls/flow=1.0 estToolInputTokens=1 estToolOutputTokens=42 estContextLoadTokens=356 providerTokens=N/A activeHttpPeak=8 httpRetries=0
  error=HttpRequest count=8 sample="Response status code does not indicate success: 400 (Bad Request)."
Foundgine run=14: concurrency=8 workers=8 success=0 failed=8 rps=0.0 avgWall=2.4ms p50=0.0ms p95=0.0ms p99=0.0 maxWall=3.2ms toolCalls/flow=1.0 estToolInputTokens=1 estToolOutputTokens=42 estContextLoadTokens=356 providerTokens=N/A activeHttpPeak=8 httpRetries=0
  error=HttpRequest count=8 sample="Response status code does not indicate success: 400 (Bad Request)."
Foundgine run=15: concurrency=8 workers=8 success=0 failed=8 rps=0.0 avgWall=2.1ms p50=0.0ms p95=0.0ms p99=0.0 maxWall=2.4ms toolCalls/flow=1.0 estToolInputTokens=1 estToolOutputTokens=42 estContextLoadTokens=356 providerTokens=N/A activeHttpPeak=8 httpRetries=0
  error=HttpRequest count=8 sample="Response status code does not indicate success: 400 (Bad Request)."
Foundgine run=16: concurrency=8 workers=8 success=0 failed=8 rps=0.0 avgWall=3.9ms p50=0.0ms p95=0.0ms p99=0.0 maxWall=4.5ms toolCalls/flow=1.0 estToolInputTokens=1 estToolOutputTokens=42 estContextLoadTokens=356 providerTokens=N/A activeHttpPeak=8 httpRetries=0
  error=HttpRequest count=8 sample="Response status code does not indicate success: 400 (Bad Request)."
Foundgine run=17: concurrency=8 workers=8 success=0 failed=8 rps=0.0 avgWall=2.2ms p50=0.0ms p95=0.0ms p99=0.0 maxWall=2.5ms toolCalls/flow=1.0 estToolInputTokens=1 estToolOutputTokens=42 estContextLoadTokens=356 providerTokens=N/A activeHttpPeak=8 httpRetries=0
  error=HttpRequest count=8 sample="Response status code does not indicate success: 400 (Bad Request)."
Foundgine run=18: concurrency=8 workers=8 success=0 failed=8 rps=0.0 avgWall=2.1ms p50=0.0ms p95=0.0ms p99=0.0 maxWall=2.4ms toolCalls/flow=1.0 estToolInputTokens=1 estToolOutputTokens=42 estContextLoadTokens=356 providerTokens=N/A activeHttpPeak=8 httpRetries=0
  error=HttpRequest count=8 sample="Response status code does not indicate success: 400 (Bad Request)."
Foundgine run=19: concurrency=8 workers=8 success=0 failed=8 rps=0.0 avgWall=2.6ms p50=0.0ms p95=0.0ms p99=0.0 maxWall=2.9ms toolCalls/flow=1.0 estToolInputTokens=1 estToolOutputTokens=42 estContextLoadTokens=356 providerTokens=N/A activeHttpPeak=8 httpRetries=0
  error=HttpRequest count=8 sample="Response status code does not indicate success: 400 (Bad Request)."
Foundgine run=20: concurrency=8 workers=8 success=0 failed=8 rps=0.0 avgWall=2.3ms p50=0.0ms p95=0.0ms p99=0.0 maxWall=2.5ms toolCalls/flow=1.0 estToolInputTokens=1 estToolOutputTokens=42 estContextLoadTokens=356 providerTokens=N/A activeHttpPeak=8 httpRetries=0
  error=HttpRequest count=8 sample="Response status code does not indicate success: 400 (Bad Request)."
Foundgine run=21: concurrency=8 workers=8 success=0 failed=8 rps=0.0 avgWall=2.6ms p50=0.0ms p95=0.0ms p99=0.0 maxWall=2.9ms toolCalls/flow=1.0 estToolInputTokens=1 estToolOutputTokens=42 estContextLoadTokens=356 providerTokens=N/A activeHttpPeak=8 httpRetries=0
  error=HttpRequest count=8 sample="Response status code does not indicate success: 400 (Bad Request)."
Foundgine run=22: concurrency=8 workers=8 success=0 failed=8 rps=0.0 avgWall=2.3ms p50=0.0ms p95=0.0ms p99=0.0 maxWall=2.5ms toolCalls/flow=1.0 estToolInputTokens=1 estToolOutputTokens=42 estContextLoadTokens=356 providerTokens=N/A activeHttpPeak=8 httpRetries=0
  error=HttpRequest count=8 sample="Response status code does not indicate success: 400 (Bad Request)."
Foundgine run=23: concurrency=8 workers=8 success=0 failed=8 rps=0.0 avgWall=2.8ms p50=0.0ms p95=0.0ms p99=0.0 maxWall=3.4ms toolCalls/flow=1.0 estToolInputTokens=1 estToolOutputTokens=42 estContextLoadTokens=356 providerTokens=N/A activeHttpPeak=8 httpRetries=0
  error=HttpRequest count=8 sample="Response status code does not indicate success: 400 (Bad Request)."
Foundgine run=24: concurrency=8 workers=8 success=0 failed=8 rps=0.0 avgWall=2.1ms p50=0.0ms p95=0.0ms p99=0.0 maxWall=2.6ms toolCalls/flow=1.0 estToolInputTokens=1 estToolOutputTokens=42 estContextLoadTokens=356 providerTokens=N/A activeHttpPeak=8 httpRetries=0
  error=HttpRequest count=8 sample="Response status code does not indicate success: 400 (Bad Request)."
Foundgine run=25: concurrency=8 workers=8 success=0 failed=8 rps=0.0 avgWall=4.0ms p50=0.0ms p95=0.0ms p99=0.0 maxWall=4.4ms toolCalls/flow=1.0 estToolInputTokens=1 estToolOutputTokens=42 estContextLoadTokens=356 providerTokens=N/A activeHttpPeak=8 httpRetries=0
  error=HttpRequest count=8 sample="Response status code does not indicate success: 400 (Bad Request)."
Foundgine run=26: concurrency=8 workers=8 success=0 failed=8 rps=0.0 avgWall=2.2ms p50=0.0ms p95=0.0ms p99=0.0 maxWall=2.4ms toolCalls/flow=1.0 estToolInputTokens=1 estToolOutputTokens=42 estContextLoadTokens=356 providerTokens=N/A activeHttpPeak=8 httpRetries=0
  error=HttpRequest count=8 sample="Response status code does not indicate success: 400 (Bad Request)."
Foundgine run=27: concurrency=8 workers=8 success=0 failed=8 rps=0.0 avgWall=2.1ms p50=0.0ms p95=0.0ms p99=0.0 maxWall=2.7ms toolCalls/flow=1.0 estToolInputTokens=1 estToolOutputTokens=42 estContextLoadTokens=356 providerTokens=N/A activeHttpPeak=8 httpRetries=0
  error=HttpRequest count=8 sample="Response status code does not indicate success: 400 (Bad Request)."
Foundgine run=28: concurrency=8 workers=8 success=0 failed=8 rps=0.0 avgWall=2.7ms p50=0.0ms p95=0.0ms p99=0.0 maxWall=2.9ms toolCalls/flow=1.0 estToolInputTokens=1 estToolOutputTokens=42 estContextLoadTokens=356 providerTokens=N/A activeHttpPeak=8 httpRetries=0
  error=HttpRequest count=8 sample="Response status code does not indicate success: 400 (Bad Request)."
Foundgine run=29: concurrency=8 workers=8 success=0 failed=8 rps=0.0 avgWall=2.2ms p50=0.0ms p95=0.0ms p99=0.0 maxWall=2.6ms toolCalls/flow=1.0 estToolInputTokens=1 estToolOutputTokens=42 estContextLoadTokens=356 providerTokens=N/A activeHttpPeak=8 httpRetries=0
  error=HttpRequest count=8 sample="Response status code does not indicate success: 400 (Bad Request)."
Foundgine run=30: concurrency=8 workers=8 success=0 failed=8 rps=0.0 avgWall=2.5ms p50=0.0ms p95=0.0ms p99=0.0 maxWall=3.0ms toolCalls/flow=1.0 estToolInputTokens=1 estToolOutputTokens=42 estContextLoadTokens=356 providerTokens=N/A activeHttpPeak=8 httpRetries=0
  error=HttpRequest count=8 sample="Response status code does not indicate success: 400 (Bad Request)."

Concurrency: 8
Estimated context-load saving: 69.4%
Estimated tokens/run â?" Conventional: input=61, output=797, context=1164
Estimated tokens/run â?" Foundgine:    input=1, output=42, context=356
Provider input-token saving: N/A â?" replay mode
Provider total-token saving: N/A â?" replay mode
Agent/tool round-trip saving: 88.9%
Agent/tool payload saving: 95.1%
Tool-call saving: 88.9%
Expected final state verified: False
Verification failures: 240
Expected state: C:\Foundgine\benchmarks\AgentEndToEnd\Run2\artifacts\00010-customers\concurrency-008\expected-state.json
Reports: C:\Foundgine\benchmarks\AgentEndToEnd\Run2\artifacts\00010-customers\concurrency-008\agent-benchmark.json; C:\Foundgine\benchmarks\AgentEndToEnd\Run2\artifacts\00010-customers\concurrency-008\agent-benchmark.md

>>> Concurrency tier: 16

============================================
 Agent benchmark: 10 customers / 30 runs
============================================
WARNING: concurrency=16 exceeds available customers=10; customer IDs will be reused across concurrent flows.
Scenario: customer-exposure-review-query-mutation-query-mutation
Mode: replay; concurrency=16; warmups=5; runs=30; fixtureCustomer=1
Fixture: relationships=4, contracts=12, transactions=48, exposure=48,240.00
Conventional run=1: concurrency=16 workers=16 success=16 failed=0 rps=564.4 avgWall=25.8ms p50=26.3ms p95=27.8ms p99=28.2 maxWall=28.3ms toolCalls/flow=9.0 estToolInputTokens=61 estToolOutputTokens=798 estContextLoadTokens=1165 providerTokens=N/A activeHttpPeak=0 httpRetries=0
Conventional run=2: concurrency=16 workers=16 success=16 failed=0 rps=586.1 avgWall=24.5ms p50=24.6ms p95=26.9ms p99=27.2 maxWall=27.3ms toolCalls/flow=9.0 estToolInputTokens=61 estToolOutputTokens=798 estContextLoadTokens=1165 providerTokens=N/A activeHttpPeak=0 httpRetries=0
Conventional run=3: concurrency=16 workers=16 success=16 failed=0 rps=475.1 avgWall=30.0ms p50=29.8ms p95=33.0ms p99=33.5 maxWall=33.7ms toolCalls/flow=9.0 estToolInputTokens=61 estToolOutputTokens=798 estContextLoadTokens=1165 providerTokens=N/A activeHttpPeak=0 httpRetries=0
Conventional run=4: concurrency=16 workers=16 success=16 failed=0 rps=530.9 avgWall=27.6ms p50=28.5ms p95=29.9ms p99=30.1 maxWall=30.1ms toolCalls/flow=9.0 estToolInputTokens=61 estToolOutputTokens=798 estContextLoadTokens=1165 providerTokens=N/A activeHttpPeak=0 httpRetries=0
Conventional run=5: concurrency=16 workers=16 success=16 failed=0 rps=546.6 avgWall=27.1ms p50=27.4ms p95=29.2ms p99=29.3 maxWall=29.3ms toolCalls/flow=9.0 estToolInputTokens=61 estToolOutputTokens=798 estContextLoadTokens=1165 providerTokens=N/A activeHttpPeak=0 httpRetries=0
Conventional run=6: concurrency=16 workers=16 success=16 failed=0 rps=453.9 avgWall=31.8ms p50=31.9ms p95=35.0ms p99=35.2 maxWall=35.3ms toolCalls/flow=9.0 estToolInputTokens=61 estToolOutputTokens=798 estContextLoadTokens=1165 providerTokens=N/A activeHttpPeak=0 httpRetries=0
Conventional run=7: concurrency=16 workers=16 success=16 failed=0 rps=566.2 avgWall=26.6ms p50=27.3ms p95=28.1ms p99=28.2 maxWall=28.3ms toolCalls/flow=9.0 estToolInputTokens=61 estToolOutputTokens=798 estContextLoadTokens=1165 providerTokens=N/A activeHttpPeak=0 httpRetries=0
Conventional run=8: concurrency=16 workers=16 success=16 failed=0 rps=545.4 avgWall=27.8ms p50=28.0ms p95=29.2ms p99=29.3 maxWall=29.3ms toolCalls/flow=9.0 estToolInputTokens=61 estToolOutputTokens=798 estContextLoadTokens=1165 providerTokens=N/A activeHttpPeak=0 httpRetries=0
Conventional run=9: concurrency=16 workers=16 success=16 failed=0 rps=561.3 avgWall=25.3ms p50=25.8ms p95=28.0ms p99=28.4 maxWall=28.5ms toolCalls/flow=9.0 estToolInputTokens=61 estToolOutputTokens=798 estContextLoadTokens=1165 providerTokens=N/A activeHttpPeak=0 httpRetries=0
Conventional run=10: concurrency=16 workers=16 success=16 failed=0 rps=556.9 avgWall=26.9ms p50=26.8ms p95=28.3ms p99=28.6 maxWall=28.7ms toolCalls/flow=9.0 estToolInputTokens=61 estToolOutputTokens=798 estContextLoadTokens=1165 providerTokens=N/A activeHttpPeak=0 httpRetries=0
Conventional run=11: concurrency=16 workers=16 success=16 failed=0 rps=559.5 avgWall=25.9ms p50=26.7ms p95=28.6ms p99=28.6 maxWall=28.6ms toolCalls/flow=9.0 estToolInputTokens=61 estToolOutputTokens=798 estContextLoadTokens=1165 providerTokens=N/A activeHttpPeak=0 httpRetries=0
Conventional run=12: concurrency=16 workers=16 success=16 failed=0 rps=590.9 avgWall=25.2ms p50=25.4ms p95=27.0ms p99=27.1 maxWall=27.1ms toolCalls/flow=9.0 estToolInputTokens=61 estToolOutputTokens=798 estContextLoadTokens=1165 providerTokens=N/A activeHttpPeak=0 httpRetries=0
Conventional run=13: concurrency=16 workers=16 success=16 failed=0 rps=545.8 avgWall=27.0ms p50=27.3ms p95=28.7ms p99=29.2 maxWall=29.3ms toolCalls/flow=9.0 estToolInputTokens=61 estToolOutputTokens=798 estContextLoadTokens=1165 providerTokens=N/A activeHttpPeak=0 httpRetries=0
Conventional run=14: concurrency=16 workers=16 success=16 failed=0 rps=527.7 avgWall=27.6ms p50=27.6ms p95=30.3ms p99=30.3 maxWall=30.3ms toolCalls/flow=9.0 estToolInputTokens=61 estToolOutputTokens=798 estContextLoadTokens=1165 providerTokens=N/A activeHttpPeak=0 httpRetries=0
Conventional run=15: concurrency=16 workers=16 success=16 failed=0 rps=515.8 avgWall=27.5ms p50=27.6ms p95=29.2ms p99=30.7 maxWall=31.0ms toolCalls/flow=9.0 estToolInputTokens=61 estToolOutputTokens=798 estContextLoadTokens=1165 providerTokens=N/A activeHttpPeak=0 httpRetries=0
Conventional run=16: concurrency=16 workers=16 success=16 failed=0 rps=529.7 avgWall=27.8ms p50=28.3ms p95=29.9ms p99=30.1 maxWall=30.2ms toolCalls/flow=9.0 estToolInputTokens=61 estToolOutputTokens=798 estContextLoadTokens=1165 providerTokens=N/A activeHttpPeak=0 httpRetries=0
Conventional run=17: concurrency=16 workers=16 success=16 failed=0 rps=465.9 avgWall=30.0ms p50=30.1ms p95=33.5ms p99=34.2 maxWall=34.3ms toolCalls/flow=9.0 estToolInputTokens=61 estToolOutputTokens=798 estContextLoadTokens=1165 providerTokens=N/A activeHttpPeak=0 httpRetries=0
Conventional run=18: concurrency=16 workers=16 success=16 failed=0 rps=502.1 avgWall=28.4ms p50=28.4ms p95=31.2ms p99=31.7 maxWall=31.9ms toolCalls/flow=9.0 estToolInputTokens=61 estToolOutputTokens=798 estContextLoadTokens=1165 providerTokens=N/A activeHttpPeak=0 httpRetries=0
Conventional run=19: concurrency=16 workers=16 success=16 failed=0 rps=547.3 avgWall=26.2ms p50=25.9ms p95=28.7ms p99=29.1 maxWall=29.2ms toolCalls/flow=9.0 estToolInputTokens=61 estToolOutputTokens=798 estContextLoadTokens=1165 providerTokens=N/A activeHttpPeak=0 httpRetries=0
Conventional run=20: concurrency=16 workers=16 success=16 failed=0 rps=530.8 avgWall=28.3ms p50=28.4ms p95=30.0ms p99=30.1 maxWall=30.1ms toolCalls/flow=9.0 estToolInputTokens=61 estToolOutputTokens=798 estContextLoadTokens=1165 providerTokens=N/A activeHttpPeak=0 httpRetries=0
Conventional run=21: concurrency=16 workers=16 success=16 failed=0 rps=528.7 avgWall=27.7ms p50=27.3ms p95=29.4ms p99=30.1 maxWall=30.3ms toolCalls/flow=9.0 estToolInputTokens=61 estToolOutputTokens=798 estContextLoadTokens=1165 providerTokens=N/A activeHttpPeak=0 httpRetries=0
Conventional run=22: concurrency=16 workers=16 success=16 failed=0 rps=528.4 avgWall=27.4ms p50=27.9ms p95=29.8ms p99=30.2 maxWall=30.3ms toolCalls/flow=9.0 estToolInputTokens=61 estToolOutputTokens=798 estContextLoadTokens=1165 providerTokens=N/A activeHttpPeak=0 httpRetries=0
Conventional run=23: concurrency=16 workers=16 success=16 failed=0 rps=555.7 avgWall=26.5ms p50=26.3ms p95=28.7ms p99=28.8 maxWall=28.8ms toolCalls/flow=9.0 estToolInputTokens=61 estToolOutputTokens=798 estContextLoadTokens=1165 providerTokens=N/A activeHttpPeak=0 httpRetries=0
Conventional run=24: concurrency=16 workers=16 success=16 failed=0 rps=546.7 avgWall=26.0ms p50=26.2ms p95=28.0ms p99=29.0 maxWall=29.3ms toolCalls/flow=9.0 estToolInputTokens=61 estToolOutputTokens=798 estContextLoadTokens=1165 providerTokens=N/A activeHttpPeak=0 httpRetries=0
Conventional run=25: concurrency=16 workers=16 success=16 failed=0 rps=570.1 avgWall=25.2ms p50=25.0ms p95=27.9ms p99=28.0 maxWall=28.1ms toolCalls/flow=9.0 estToolInputTokens=61 estToolOutputTokens=798 estContextLoadTokens=1165 providerTokens=N/A activeHttpPeak=0 httpRetries=0
Conventional run=26: concurrency=16 workers=16 success=16 failed=0 rps=536.6 avgWall=26.8ms p50=26.8ms p95=29.1ms p99=29.7 maxWall=29.8ms toolCalls/flow=9.0 estToolInputTokens=61 estToolOutputTokens=798 estContextLoadTokens=1165 providerTokens=N/A activeHttpPeak=0 httpRetries=0
Conventional run=27: concurrency=16 workers=16 success=16 failed=0 rps=581.1 avgWall=25.3ms p50=26.0ms p95=27.0ms p99=27.4 maxWall=27.5ms toolCalls/flow=9.0 estToolInputTokens=61 estToolOutputTokens=798 estContextLoadTokens=1165 providerTokens=N/A activeHttpPeak=0 httpRetries=0
Conventional run=28: concurrency=16 workers=16 success=16 failed=0 rps=553.8 avgWall=26.1ms p50=26.9ms p95=28.9ms p99=28.9 maxWall=28.9ms toolCalls/flow=9.0 estToolInputTokens=61 estToolOutputTokens=798 estContextLoadTokens=1165 providerTokens=N/A activeHttpPeak=0 httpRetries=0
Conventional run=29: concurrency=16 workers=16 success=16 failed=0 rps=562.2 avgWall=25.7ms p50=25.8ms p95=28.0ms p99=28.4 maxWall=28.5ms toolCalls/flow=9.0 estToolInputTokens=61 estToolOutputTokens=798 estContextLoadTokens=1165 providerTokens=N/A activeHttpPeak=0 httpRetries=0
Conventional run=30: concurrency=16 workers=16 success=16 failed=0 rps=583.3 avgWall=24.7ms p50=25.3ms p95=27.0ms p99=27.3 maxWall=27.4ms toolCalls/flow=9.0 estToolInputTokens=61 estToolOutputTokens=798 estContextLoadTokens=1165 providerTokens=N/A activeHttpPeak=0 httpRetries=0
Foundgine run=1: concurrency=16 workers=16 success=0 failed=16 rps=0.0 avgWall=3.4ms p50=0.0ms p95=0.0ms p99=0.0 maxWall=8.9ms toolCalls/flow=1.0 estToolInputTokens=1 estToolOutputTokens=42 estContextLoadTokens=356 providerTokens=N/A activeHttpPeak=16 httpRetries=0
  error=HttpRequest count=16 sample="Response status code does not indicate success: 400 (Bad Request)."
Foundgine run=2: concurrency=16 workers=16 success=0 failed=16 rps=0.0 avgWall=2.6ms p50=0.0ms p95=0.0ms p99=0.0 maxWall=3.1ms toolCalls/flow=1.0 estToolInputTokens=1 estToolOutputTokens=42 estContextLoadTokens=356 providerTokens=N/A activeHttpPeak=16 httpRetries=0
  error=HttpRequest count=16 sample="Response status code does not indicate success: 400 (Bad Request)."
Foundgine run=3: concurrency=16 workers=16 success=0 failed=16 rps=0.0 avgWall=2.3ms p50=0.0ms p95=0.0ms p99=0.0 maxWall=3.2ms toolCalls/flow=1.0 estToolInputTokens=1 estToolOutputTokens=42 estContextLoadTokens=356 providerTokens=N/A activeHttpPeak=16 httpRetries=0
  error=HttpRequest count=16 sample="Response status code does not indicate success: 400 (Bad Request)."
Foundgine run=4: concurrency=16 workers=16 success=0 failed=16 rps=0.0 avgWall=2.6ms p50=0.0ms p95=0.0ms p99=0.0 maxWall=3.5ms toolCalls/flow=1.0 estToolInputTokens=1 estToolOutputTokens=42 estContextLoadTokens=356 providerTokens=N/A activeHttpPeak=16 httpRetries=0
  error=HttpRequest count=16 sample="Response status code does not indicate success: 400 (Bad Request)."
Foundgine run=5: concurrency=16 workers=16 success=0 failed=16 rps=0.0 avgWall=4.0ms p50=0.0ms p95=0.0ms p99=0.0 maxWall=6.3ms toolCalls/flow=1.0 estToolInputTokens=1 estToolOutputTokens=42 estContextLoadTokens=356 providerTokens=N/A activeHttpPeak=16 httpRetries=0
  error=HttpRequest count=16 sample="Response status code does not indicate success: 400 (Bad Request)."
Foundgine run=6: concurrency=16 workers=16 success=0 failed=16 rps=0.0 avgWall=4.1ms p50=0.0ms p95=0.0ms p99=0.0 maxWall=4.8ms toolCalls/flow=1.0 estToolInputTokens=1 estToolOutputTokens=42 estContextLoadTokens=356 providerTokens=N/A activeHttpPeak=16 httpRetries=0
  error=HttpRequest count=16 sample="Response status code does not indicate success: 400 (Bad Request)."
Foundgine run=7: concurrency=16 workers=16 success=0 failed=16 rps=0.0 avgWall=2.9ms p50=0.0ms p95=0.0ms p99=0.0 maxWall=3.7ms toolCalls/flow=1.0 estToolInputTokens=1 estToolOutputTokens=42 estContextLoadTokens=356 providerTokens=N/A activeHttpPeak=16 httpRetries=0
  error=HttpRequest count=16 sample="Response status code does not indicate success: 400 (Bad Request)."
Foundgine run=8: concurrency=16 workers=16 success=0 failed=16 rps=0.0 avgWall=2.4ms p50=0.0ms p95=0.0ms p99=0.0 maxWall=3.1ms toolCalls/flow=1.0 estToolInputTokens=1 estToolOutputTokens=42 estContextLoadTokens=356 providerTokens=N/A activeHttpPeak=16 httpRetries=0
  error=HttpRequest count=16 sample="Response status code does not indicate success: 400 (Bad Request)."
Foundgine run=9: concurrency=16 workers=16 success=0 failed=16 rps=0.0 avgWall=2.1ms p50=0.0ms p95=0.0ms p99=0.0 maxWall=2.5ms toolCalls/flow=1.0 estToolInputTokens=1 estToolOutputTokens=42 estContextLoadTokens=356 providerTokens=N/A activeHttpPeak=16 httpRetries=0
  error=HttpRequest count=16 sample="Response status code does not indicate success: 400 (Bad Request)."
Foundgine run=10: concurrency=16 workers=16 success=0 failed=16 rps=0.0 avgWall=4.2ms p50=0.0ms p95=0.0ms p99=0.0 maxWall=8.3ms toolCalls/flow=1.0 estToolInputTokens=1 estToolOutputTokens=42 estContextLoadTokens=356 providerTokens=N/A activeHttpPeak=16 httpRetries=0
  error=HttpRequest count=16 sample="Response status code does not indicate success: 400 (Bad Request)."
Foundgine run=11: concurrency=16 workers=16 success=0 failed=16 rps=0.0 avgWall=2.7ms p50=0.0ms p95=0.0ms p99=0.0 maxWall=3.8ms toolCalls/flow=1.0 estToolInputTokens=1 estToolOutputTokens=42 estContextLoadTokens=356 providerTokens=N/A activeHttpPeak=16 httpRetries=0
  error=HttpRequest count=16 sample="Response status code does not indicate success: 400 (Bad Request)."
Foundgine run=12: concurrency=16 workers=16 success=0 failed=16 rps=0.0 avgWall=2.1ms p50=0.0ms p95=0.0ms p99=0.0 maxWall=3.2ms toolCalls/flow=1.0 estToolInputTokens=1 estToolOutputTokens=42 estContextLoadTokens=356 providerTokens=N/A activeHttpPeak=16 httpRetries=0
  error=HttpRequest count=16 sample="Response status code does not indicate success: 400 (Bad Request)."
Foundgine run=13: concurrency=16 workers=16 success=0 failed=16 rps=0.0 avgWall=2.7ms p50=0.0ms p95=0.0ms p99=0.0 maxWall=3.3ms toolCalls/flow=1.0 estToolInputTokens=1 estToolOutputTokens=42 estContextLoadTokens=356 providerTokens=N/A activeHttpPeak=16 httpRetries=0
  error=HttpRequest count=16 sample="Response status code does not indicate success: 400 (Bad Request)."
Foundgine run=14: concurrency=16 workers=16 success=0 failed=16 rps=0.0 avgWall=2.5ms p50=0.0ms p95=0.0ms p99=0.0 maxWall=3.3ms toolCalls/flow=1.0 estToolInputTokens=1 estToolOutputTokens=42 estContextLoadTokens=356 providerTokens=N/A activeHttpPeak=16 httpRetries=0
  error=HttpRequest count=16 sample="Response status code does not indicate success: 400 (Bad Request)."
Foundgine run=15: concurrency=16 workers=16 success=0 failed=16 rps=0.0 avgWall=4.2ms p50=0.0ms p95=0.0ms p99=0.0 maxWall=4.8ms toolCalls/flow=1.0 estToolInputTokens=1 estToolOutputTokens=42 estContextLoadTokens=356 providerTokens=N/A activeHttpPeak=16 httpRetries=0
  error=HttpRequest count=16 sample="Response status code does not indicate success: 400 (Bad Request)."
Foundgine run=16: concurrency=16 workers=16 success=0 failed=16 rps=0.0 avgWall=2.5ms p50=0.0ms p95=0.0ms p99=0.0 maxWall=3.2ms toolCalls/flow=1.0 estToolInputTokens=1 estToolOutputTokens=42 estContextLoadTokens=356 providerTokens=N/A activeHttpPeak=16 httpRetries=0
  error=HttpRequest count=16 sample="Response status code does not indicate success: 400 (Bad Request)."
Foundgine run=17: concurrency=16 workers=16 success=0 failed=16 rps=0.0 avgWall=3.7ms p50=0.0ms p95=0.0ms p99=0.0 maxWall=4.9ms toolCalls/flow=1.0 estToolInputTokens=1 estToolOutputTokens=42 estContextLoadTokens=356 providerTokens=N/A activeHttpPeak=16 httpRetries=0
  error=HttpRequest count=16 sample="Response status code does not indicate success: 400 (Bad Request)."
Foundgine run=18: concurrency=16 workers=16 success=0 failed=16 rps=0.0 avgWall=3.1ms p50=0.0ms p95=0.0ms p99=0.0 maxWall=3.7ms toolCalls/flow=1.0 estToolInputTokens=1 estToolOutputTokens=42 estContextLoadTokens=356 providerTokens=N/A activeHttpPeak=16 httpRetries=0
  error=HttpRequest count=16 sample="Response status code does not indicate success: 400 (Bad Request)."
Foundgine run=19: concurrency=16 workers=16 success=0 failed=16 rps=0.0 avgWall=2.9ms p50=0.0ms p95=0.0ms p99=0.0 maxWall=4.2ms toolCalls/flow=1.0 estToolInputTokens=1 estToolOutputTokens=42 estContextLoadTokens=356 providerTokens=N/A activeHttpPeak=16 httpRetries=0
  error=HttpRequest count=16 sample="Response status code does not indicate success: 400 (Bad Request)."
Foundgine run=20: concurrency=16 workers=16 success=0 failed=16 rps=0.0 avgWall=2.2ms p50=0.0ms p95=0.0ms p99=0.0 maxWall=2.7ms toolCalls/flow=1.0 estToolInputTokens=1 estToolOutputTokens=42 estContextLoadTokens=356 providerTokens=N/A activeHttpPeak=16 httpRetries=0
  error=HttpRequest count=16 sample="Response status code does not indicate success: 400 (Bad Request)."
Foundgine run=21: concurrency=16 workers=16 success=0 failed=16 rps=0.0 avgWall=1.8ms p50=0.0ms p95=0.0ms p99=0.0 maxWall=2.6ms toolCalls/flow=1.0 estToolInputTokens=1 estToolOutputTokens=42 estContextLoadTokens=356 providerTokens=N/A activeHttpPeak=16 httpRetries=0
  error=HttpRequest count=16 sample="Response status code does not indicate success: 400 (Bad Request)."
Foundgine run=22: concurrency=16 workers=16 success=0 failed=16 rps=0.0 avgWall=1.9ms p50=0.0ms p95=0.0ms p99=0.0 maxWall=2.3ms toolCalls/flow=1.0 estToolInputTokens=1 estToolOutputTokens=42 estContextLoadTokens=356 providerTokens=N/A activeHttpPeak=16 httpRetries=0
  error=HttpRequest count=16 sample="Response status code does not indicate success: 400 (Bad Request)."
Foundgine run=23: concurrency=16 workers=16 success=0 failed=16 rps=0.0 avgWall=2.2ms p50=0.0ms p95=0.0ms p99=0.0 maxWall=3.0ms toolCalls/flow=1.0 estToolInputTokens=1 estToolOutputTokens=42 estContextLoadTokens=356 providerTokens=N/A activeHttpPeak=16 httpRetries=0
  error=HttpRequest count=16 sample="Response status code does not indicate success: 400 (Bad Request)."
Foundgine run=24: concurrency=16 workers=16 success=0 failed=16 rps=0.0 avgWall=4.8ms p50=0.0ms p95=0.0ms p99=0.0 maxWall=8.9ms toolCalls/flow=1.0 estToolInputTokens=1 estToolOutputTokens=42 estContextLoadTokens=356 providerTokens=N/A activeHttpPeak=16 httpRetries=0
  error=HttpRequest count=16 sample="Response status code does not indicate success: 400 (Bad Request)."
Foundgine run=25: concurrency=16 workers=16 success=0 failed=16 rps=0.0 avgWall=2.4ms p50=0.0ms p95=0.0ms p99=0.0 maxWall=3.3ms toolCalls/flow=1.0 estToolInputTokens=1 estToolOutputTokens=42 estContextLoadTokens=356 providerTokens=N/A activeHttpPeak=16 httpRetries=0
  error=HttpRequest count=16 sample="Response status code does not indicate success: 400 (Bad Request)."
Foundgine run=26: concurrency=16 workers=16 success=0 failed=16 rps=0.0 avgWall=2.4ms p50=0.0ms p95=0.0ms p99=0.0 maxWall=3.0ms toolCalls/flow=1.0 estToolInputTokens=1 estToolOutputTokens=42 estContextLoadTokens=356 providerTokens=N/A activeHttpPeak=16 httpRetries=0
  error=HttpRequest count=16 sample="Response status code does not indicate success: 400 (Bad Request)."
Foundgine run=27: concurrency=16 workers=16 success=0 failed=16 rps=0.0 avgWall=2.1ms p50=0.0ms p95=0.0ms p99=0.0 maxWall=2.9ms toolCalls/flow=1.0 estToolInputTokens=1 estToolOutputTokens=42 estContextLoadTokens=356 providerTokens=N/A activeHttpPeak=16 httpRetries=0
  error=HttpRequest count=16 sample="Response status code does not indicate success: 400 (Bad Request)."
Foundgine run=28: concurrency=16 workers=16 success=0 failed=16 rps=0.0 avgWall=3.1ms p50=0.0ms p95=0.0ms p99=0.0 maxWall=4.0ms toolCalls/flow=1.0 estToolInputTokens=1 estToolOutputTokens=42 estContextLoadTokens=356 providerTokens=N/A activeHttpPeak=16 httpRetries=0
  error=HttpRequest count=16 sample="Response status code does not indicate success: 400 (Bad Request)."
Foundgine run=29: concurrency=16 workers=16 success=0 failed=16 rps=0.0 avgWall=2.3ms p50=0.0ms p95=0.0ms p99=0.0 maxWall=3.1ms toolCalls/flow=1.0 estToolInputTokens=1 estToolOutputTokens=42 estContextLoadTokens=356 providerTokens=N/A activeHttpPeak=16 httpRetries=0
  error=HttpRequest count=16 sample="Response status code does not indicate success: 400 (Bad Request)."
Foundgine run=30: concurrency=16 workers=16 success=0 failed=16 rps=0.0 avgWall=2.0ms p50=0.0ms p95=0.0ms p99=0.0 maxWall=2.7ms toolCalls/flow=1.0 estToolInputTokens=1 estToolOutputTokens=42 estContextLoadTokens=356 providerTokens=N/A activeHttpPeak=16 httpRetries=0
  error=HttpRequest count=16 sample="Response status code does not indicate success: 400 (Bad Request)."

Concurrency: 16
Estimated context-load saving: 69.4%
Estimated tokens/run â?" Conventional: input=61, output=798, context=1165
Estimated tokens/run â?" Foundgine:    input=1, output=42, context=356
Provider input-token saving: N/A â?" replay mode
Provider total-token saving: N/A â?" replay mode
Agent/tool round-trip saving: 88.9%
Agent/tool payload saving: 95.1%
Tool-call saving: 88.9%
Expected final state verified: False
Verification failures: 480
Expected state: C:\Foundgine\benchmarks\AgentEndToEnd\Run2\artifacts\00010-customers\concurrency-016\expected-state.json
Reports: C:\Foundgine\benchmarks\AgentEndToEnd\Run2\artifacts\00010-customers\concurrency-016\agent-benchmark.json; C:\Foundgine\benchmarks\AgentEndToEnd\Run2\artifacts\00010-customers\concurrency-016\agent-benchmark.md

>>> Concurrency tier: 32

============================================
 Agent benchmark: 10 customers / 30 runs
============================================
WARNING: concurrency=32 exceeds available customers=10; customer IDs will be reused across concurrent flows.
Scenario: customer-exposure-review-query-mutation-query-mutation
Mode: replay; concurrency=32; warmups=5; runs=30; fixtureCustomer=1
Fixture: relationships=4, contracts=12, transactions=48, exposure=48,240.00
Conventional run=1: concurrency=32 workers=32 success=32 failed=0 rps=557.7 avgWall=49.4ms p50=52.7ms p95=55.6ms p99=56.8 maxWall=57.4ms toolCalls/flow=9.0 estToolInputTokens=61 estToolOutputTokens=798 estContextLoadTokens=1165 providerTokens=N/A activeHttpPeak=0 httpRetries=0
Conventional run=2: concurrency=32 workers=32 success=32 failed=0 rps=637.5 avgWall=44.2ms p50=45.3ms p95=49.0ms p99=49.9 maxWall=50.2ms toolCalls/flow=9.0 estToolInputTokens=61 estToolOutputTokens=798 estContextLoadTokens=1166 providerTokens=N/A activeHttpPeak=0 httpRetries=0
Conventional run=3: concurrency=32 workers=32 success=32 failed=0 rps=520.9 avgWall=50.5ms p50=50.2ms p95=61.2ms p99=61.4 maxWall=61.4ms toolCalls/flow=9.0 estToolInputTokens=61 estToolOutputTokens=799 estContextLoadTokens=1166 providerTokens=N/A activeHttpPeak=0 httpRetries=0
Conventional run=4: concurrency=32 workers=32 success=32 failed=0 rps=594.7 avgWall=45.9ms p50=46.0ms p95=52.0ms p99=53.4 maxWall=53.8ms toolCalls/flow=9.0 estToolInputTokens=61 estToolOutputTokens=798 estContextLoadTokens=1166 providerTokens=N/A activeHttpPeak=0 httpRetries=0
Conventional run=5: concurrency=32 workers=32 success=32 failed=0 rps=673.2 avgWall=42.2ms p50=42.5ms p95=46.6ms p99=47.4 maxWall=47.5ms toolCalls/flow=9.0 estToolInputTokens=61 estToolOutputTokens=798 estContextLoadTokens=1165 providerTokens=N/A activeHttpPeak=0 httpRetries=0
Conventional run=6: concurrency=32 workers=32 success=32 failed=0 rps=609.9 avgWall=45.6ms p50=46.0ms p95=52.3ms p99=52.4 maxWall=52.5ms toolCalls/flow=9.0 estToolInputTokens=61 estToolOutputTokens=799 estContextLoadTokens=1166 providerTokens=N/A activeHttpPeak=0 httpRetries=0
Conventional run=7: concurrency=32 workers=32 success=32 failed=0 rps=663.5 avgWall=41.4ms p50=41.4ms p95=47.5ms p99=48.0 maxWall=48.2ms toolCalls/flow=9.0 estToolInputTokens=61 estToolOutputTokens=799 estContextLoadTokens=1166 providerTokens=N/A activeHttpPeak=0 httpRetries=0
Conventional run=8: concurrency=32 workers=32 success=32 failed=0 rps=597.8 avgWall=43.8ms p50=43.7ms p95=50.0ms p99=52.8 maxWall=53.5ms toolCalls/flow=9.0 estToolInputTokens=61 estToolOutputTokens=798 estContextLoadTokens=1166 providerTokens=N/A activeHttpPeak=0 httpRetries=0
Conventional run=9: concurrency=32 workers=32 success=32 failed=0 rps=593.7 avgWall=45.3ms p50=45.6ms p95=51.4ms p99=53.2 maxWall=53.9ms toolCalls/flow=9.0 estToolInputTokens=61 estToolOutputTokens=799 estContextLoadTokens=1166 providerTokens=N/A activeHttpPeak=0 httpRetries=0
Conventional run=10: concurrency=32 workers=32 success=32 failed=0 rps=601.1 avgWall=45.2ms p50=45.1ms p95=51.4ms p99=52.7 maxWall=53.2ms toolCalls/flow=9.0 estToolInputTokens=61 estToolOutputTokens=798 estContextLoadTokens=1166 providerTokens=N/A activeHttpPeak=0 httpRetries=0
Conventional run=11: concurrency=32 workers=32 success=32 failed=0 rps=643.9 avgWall=43.2ms p50=43.7ms p95=49.1ms p99=49.6 maxWall=49.7ms toolCalls/flow=9.0 estToolInputTokens=61 estToolOutputTokens=799 estContextLoadTokens=1166 providerTokens=N/A activeHttpPeak=0 httpRetries=0
Conventional run=12: concurrency=32 workers=32 success=32 failed=0 rps=611.7 avgWall=44.2ms p50=45.0ms p95=48.3ms p99=51.3 maxWall=52.3ms toolCalls/flow=9.0 estToolInputTokens=61 estToolOutputTokens=798 estContextLoadTokens=1166 providerTokens=N/A activeHttpPeak=0 httpRetries=0
Conventional run=13: concurrency=32 workers=32 success=32 failed=0 rps=631.8 avgWall=43.6ms p50=43.6ms p95=49.5ms p99=50.4 maxWall=50.7ms toolCalls/flow=9.0 estToolInputTokens=61 estToolOutputTokens=799 estContextLoadTokens=1166 providerTokens=N/A activeHttpPeak=0 httpRetries=0
Conventional run=14: concurrency=32 workers=32 success=32 failed=0 rps=593.6 avgWall=48.6ms p50=49.5ms p95=53.4ms p99=53.9 maxWall=53.9ms toolCalls/flow=9.0 estToolInputTokens=61 estToolOutputTokens=799 estContextLoadTokens=1166 providerTokens=N/A activeHttpPeak=0 httpRetries=0
Conventional run=15: concurrency=32 workers=32 success=32 failed=0 rps=544.7 avgWall=48.9ms p50=48.6ms p95=57.4ms p99=58.4 maxWall=58.7ms toolCalls/flow=9.0 estToolInputTokens=61 estToolOutputTokens=798 estContextLoadTokens=1166 providerTokens=N/A activeHttpPeak=0 httpRetries=0
Conventional run=16: concurrency=32 workers=32 success=32 failed=0 rps=606.6 avgWall=46.4ms p50=46.9ms p95=51.9ms p99=52.6 maxWall=52.8ms toolCalls/flow=9.0 estToolInputTokens=61 estToolOutputTokens=798 estContextLoadTokens=1166 providerTokens=N/A activeHttpPeak=0 httpRetries=0
Conventional run=17: concurrency=32 workers=32 success=32 failed=0 rps=626.5 avgWall=44.0ms p50=44.1ms p95=49.5ms p99=50.6 maxWall=51.1ms toolCalls/flow=9.0 estToolInputTokens=61 estToolOutputTokens=799 estContextLoadTokens=1166 providerTokens=N/A activeHttpPeak=0 httpRetries=0
Conventional run=18: concurrency=32 workers=32 success=32 failed=0 rps=483.3 avgWall=53.9ms p50=55.0ms p95=63.2ms p99=65.6 maxWall=66.2ms toolCalls/flow=9.0 estToolInputTokens=61 estToolOutputTokens=798 estContextLoadTokens=1166 providerTokens=N/A activeHttpPeak=0 httpRetries=0
Conventional run=19: concurrency=32 workers=32 success=32 failed=0 rps=492.0 avgWall=54.9ms p50=56.4ms p95=61.2ms p99=63.9 maxWall=65.0ms toolCalls/flow=9.0 estToolInputTokens=61 estToolOutputTokens=798 estContextLoadTokens=1165 providerTokens=N/A activeHttpPeak=0 httpRetries=0
Conventional run=20: concurrency=32 workers=32 success=32 failed=0 rps=441.2 avgWall=63.3ms p50=63.8ms p95=70.7ms p99=72.1 maxWall=72.5ms toolCalls/flow=9.0 estToolInputTokens=61 estToolOutputTokens=798 estContextLoadTokens=1166 providerTokens=N/A activeHttpPeak=0 httpRetries=0
Conventional run=21: concurrency=32 workers=32 success=32 failed=0 rps=599.0 avgWall=45.2ms p50=45.6ms p95=52.7ms p99=53.3 maxWall=53.4ms toolCalls/flow=9.0 estToolInputTokens=61 estToolOutputTokens=798 estContextLoadTokens=1166 providerTokens=N/A activeHttpPeak=0 httpRetries=0
Conventional run=22: concurrency=32 workers=32 success=32 failed=0 rps=571.8 avgWall=50.2ms p50=49.6ms p95=55.0ms p99=55.7 maxWall=56.0ms toolCalls/flow=9.0 estToolInputTokens=61 estToolOutputTokens=799 estContextLoadTokens=1166 providerTokens=N/A activeHttpPeak=0 httpRetries=0
Conventional run=23: concurrency=32 workers=32 success=32 failed=0 rps=569.5 avgWall=48.7ms p50=50.0ms p95=55.2ms p99=55.9 maxWall=56.2ms toolCalls/flow=9.0 estToolInputTokens=61 estToolOutputTokens=799 estContextLoadTokens=1166 providerTokens=N/A activeHttpPeak=0 httpRetries=0
Conventional run=24: concurrency=32 workers=32 success=32 failed=0 rps=582.9 avgWall=47.9ms p50=49.2ms p95=54.2ms p99=54.7 maxWall=54.9ms toolCalls/flow=9.0 estToolInputTokens=61 estToolOutputTokens=798 estContextLoadTokens=1166 providerTokens=N/A activeHttpPeak=0 httpRetries=0
Conventional run=25: concurrency=32 workers=32 success=32 failed=0 rps=526.4 avgWall=53.5ms p50=54.4ms p95=60.5ms p99=60.8 maxWall=60.8ms toolCalls/flow=9.0 estToolInputTokens=61 estToolOutputTokens=799 estContextLoadTokens=1166 providerTokens=N/A activeHttpPeak=0 httpRetries=0
Conventional run=26: concurrency=32 workers=32 success=32 failed=0 rps=546.8 avgWall=49.6ms p50=50.6ms p95=57.3ms p99=58.3 maxWall=58.5ms toolCalls/flow=9.0 estToolInputTokens=61 estToolOutputTokens=799 estContextLoadTokens=1166 providerTokens=N/A activeHttpPeak=0 httpRetries=0
Conventional run=27: concurrency=32 workers=32 success=32 failed=0 rps=600.0 avgWall=47.4ms p50=48.6ms p95=53.2ms p99=53.3 maxWall=53.3ms toolCalls/flow=9.0 estToolInputTokens=61 estToolOutputTokens=799 estContextLoadTokens=1166 providerTokens=N/A activeHttpPeak=0 httpRetries=0
Conventional run=28: concurrency=32 workers=32 success=32 failed=0 rps=576.0 avgWall=49.8ms p50=50.1ms p95=55.3ms p99=55.5 maxWall=55.6ms toolCalls/flow=9.0 estToolInputTokens=61 estToolOutputTokens=798 estContextLoadTokens=1166 providerTokens=N/A activeHttpPeak=0 httpRetries=0
Conventional run=29: concurrency=32 workers=32 success=32 failed=0 rps=569.6 avgWall=49.2ms p50=49.8ms p95=55.6ms p99=56.0 maxWall=56.2ms toolCalls/flow=9.0 estToolInputTokens=61 estToolOutputTokens=798 estContextLoadTokens=1166 providerTokens=N/A activeHttpPeak=0 httpRetries=0
Conventional run=30: concurrency=32 workers=32 success=32 failed=0 rps=572.3 avgWall=49.0ms p50=48.1ms p95=55.7ms p99=55.9 maxWall=55.9ms toolCalls/flow=9.0 estToolInputTokens=61 estToolOutputTokens=799 estContextLoadTokens=1167 providerTokens=N/A activeHttpPeak=0 httpRetries=0
Foundgine run=1: concurrency=32 workers=32 success=0 failed=32 rps=0.0 avgWall=2.1ms p50=0.0ms p95=0.0ms p99=0.0 maxWall=2.7ms toolCalls/flow=1.0 estToolInputTokens=1 estToolOutputTokens=42 estContextLoadTokens=356 providerTokens=N/A activeHttpPeak=28 httpRetries=0
  error=HttpRequest count=32 sample="Response status code does not indicate success: 400 (Bad Request)."
Foundgine run=2: concurrency=32 workers=32 success=0 failed=32 rps=0.0 avgWall=1.9ms p50=0.0ms p95=0.0ms p99=0.0 maxWall=2.7ms toolCalls/flow=1.0 estToolInputTokens=1 estToolOutputTokens=42 estContextLoadTokens=356 providerTokens=N/A activeHttpPeak=20 httpRetries=0
  error=HttpRequest count=32 sample="Response status code does not indicate success: 400 (Bad Request)."
Foundgine run=3: concurrency=32 workers=32 success=0 failed=32 rps=0.0 avgWall=2.0ms p50=0.0ms p95=0.0ms p99=0.0 maxWall=2.7ms toolCalls/flow=1.0 estToolInputTokens=1 estToolOutputTokens=42 estContextLoadTokens=356 providerTokens=N/A activeHttpPeak=24 httpRetries=0
  error=HttpRequest count=32 sample="Response status code does not indicate success: 400 (Bad Request)."
Foundgine run=4: concurrency=32 workers=32 success=0 failed=32 rps=0.0 avgWall=4.0ms p50=0.0ms p95=0.0ms p99=0.0 maxWall=4.7ms toolCalls/flow=1.0 estToolInputTokens=1 estToolOutputTokens=42 estContextLoadTokens=356 providerTokens=N/A activeHttpPeak=32 httpRetries=0
  error=HttpRequest count=32 sample="Response status code does not indicate success: 400 (Bad Request)."
Foundgine run=5: concurrency=32 workers=32 success=0 failed=32 rps=0.0 avgWall=2.3ms p50=0.0ms p95=0.0ms p99=0.0 maxWall=3.8ms toolCalls/flow=1.0 estToolInputTokens=1 estToolOutputTokens=42 estContextLoadTokens=356 providerTokens=N/A activeHttpPeak=32 httpRetries=0
  error=HttpRequest count=32 sample="Response status code does not indicate success: 400 (Bad Request)."
Foundgine run=6: concurrency=32 workers=32 success=0 failed=32 rps=0.0 avgWall=2.5ms p50=0.0ms p95=0.0ms p99=0.0 maxWall=3.7ms toolCalls/flow=1.0 estToolInputTokens=1 estToolOutputTokens=42 estContextLoadTokens=356 providerTokens=N/A activeHttpPeak=32 httpRetries=0
  error=HttpRequest count=32 sample="Response status code does not indicate success: 400 (Bad Request)."
Foundgine run=7: concurrency=32 workers=32 success=0 failed=32 rps=0.0 avgWall=3.2ms p50=0.0ms p95=0.0ms p99=0.0 maxWall=5.2ms toolCalls/flow=1.0 estToolInputTokens=1 estToolOutputTokens=42 estContextLoadTokens=356 providerTokens=N/A activeHttpPeak=32 httpRetries=0
  error=HttpRequest count=32 sample="Response status code does not indicate success: 400 (Bad Request)."
Foundgine run=8: concurrency=32 workers=32 success=0 failed=32 rps=0.0 avgWall=2.5ms p50=0.0ms p95=0.0ms p99=0.0 maxWall=7.4ms toolCalls/flow=1.0 estToolInputTokens=1 estToolOutputTokens=42 estContextLoadTokens=356 providerTokens=N/A activeHttpPeak=22 httpRetries=0
  error=HttpRequest count=32 sample="Response status code does not indicate success: 400 (Bad Request)."
Foundgine run=9: concurrency=32 workers=32 success=0 failed=32 rps=0.0 avgWall=2.2ms p50=0.0ms p95=0.0ms p99=0.0 maxWall=3.8ms toolCalls/flow=1.0 estToolInputTokens=1 estToolOutputTokens=42 estContextLoadTokens=356 providerTokens=N/A activeHttpPeak=21 httpRetries=0
  error=HttpRequest count=32 sample="Response status code does not indicate success: 400 (Bad Request)."
Foundgine run=10: concurrency=32 workers=32 success=0 failed=32 rps=0.0 avgWall=1.7ms p50=0.0ms p95=0.0ms p99=0.0 maxWall=2.6ms toolCalls/flow=1.0 estToolInputTokens=1 estToolOutputTokens=42 estContextLoadTokens=356 providerTokens=N/A activeHttpPeak=21 httpRetries=0
  error=HttpRequest count=32 sample="Response status code does not indicate success: 400 (Bad Request)."
Foundgine run=11: concurrency=32 workers=32 success=0 failed=32 rps=0.0 avgWall=5.6ms p50=0.0ms p95=0.0ms p99=0.0 maxWall=14.8ms toolCalls/flow=1.0 estToolInputTokens=1 estToolOutputTokens=42 estContextLoadTokens=356 providerTokens=N/A activeHttpPeak=32 httpRetries=0
  error=HttpRequest count=32 sample="Response status code does not indicate success: 400 (Bad Request)."
Foundgine run=12: concurrency=32 workers=32 success=0 failed=32 rps=0.0 avgWall=2.6ms p50=0.0ms p95=0.0ms p99=0.0 maxWall=3.8ms toolCalls/flow=1.0 estToolInputTokens=1 estToolOutputTokens=42 estContextLoadTokens=356 providerTokens=N/A activeHttpPeak=32 httpRetries=0
  error=HttpRequest count=32 sample="Response status code does not indicate success: 400 (Bad Request)."
Foundgine run=13: concurrency=32 workers=32 success=0 failed=32 rps=0.0 avgWall=3.3ms p50=0.0ms p95=0.0ms p99=0.0 maxWall=5.0ms toolCalls/flow=1.0 estToolInputTokens=1 estToolOutputTokens=42 estContextLoadTokens=356 providerTokens=N/A activeHttpPeak=32 httpRetries=0
  error=HttpRequest count=32 sample="Response status code does not indicate success: 400 (Bad Request)."
Foundgine run=14: concurrency=32 workers=32 success=0 failed=32 rps=0.0 avgWall=4.6ms p50=0.0ms p95=0.0ms p99=0.0 maxWall=6.9ms toolCalls/flow=1.0 estToolInputTokens=1 estToolOutputTokens=42 estContextLoadTokens=356 providerTokens=N/A activeHttpPeak=32 httpRetries=0
  error=HttpRequest count=32 sample="Response status code does not indicate success: 400 (Bad Request)."
Foundgine run=15: concurrency=32 workers=32 success=0 failed=32 rps=0.0 avgWall=2.8ms p50=0.0ms p95=0.0ms p99=0.0 maxWall=3.8ms toolCalls/flow=1.0 estToolInputTokens=1 estToolOutputTokens=42 estContextLoadTokens=356 providerTokens=N/A activeHttpPeak=18 httpRetries=0
  error=HttpRequest count=32 sample="Response status code does not indicate success: 400 (Bad Request)."
Foundgine run=16: concurrency=32 workers=32 success=0 failed=32 rps=0.0 avgWall=1.8ms p50=0.0ms p95=0.0ms p99=0.0 maxWall=2.5ms toolCalls/flow=1.0 estToolInputTokens=1 estToolOutputTokens=42 estContextLoadTokens=356 providerTokens=N/A activeHttpPeak=25 httpRetries=0
  error=HttpRequest count=32 sample="Response status code does not indicate success: 400 (Bad Request)."
Foundgine run=17: concurrency=32 workers=32 success=0 failed=32 rps=0.0 avgWall=2.4ms p50=0.0ms p95=0.0ms p99=0.0 maxWall=3.3ms toolCalls/flow=1.0 estToolInputTokens=1 estToolOutputTokens=42 estContextLoadTokens=356 providerTokens=N/A activeHttpPeak=32 httpRetries=0
  error=HttpRequest count=32 sample="Response status code does not indicate success: 400 (Bad Request)."
Foundgine run=18: concurrency=32 workers=32 success=0 failed=32 rps=0.0 avgWall=3.5ms p50=0.0ms p95=0.0ms p99=0.0 maxWall=9.0ms toolCalls/flow=1.0 estToolInputTokens=1 estToolOutputTokens=42 estContextLoadTokens=356 providerTokens=N/A activeHttpPeak=23 httpRetries=0
  error=HttpRequest count=32 sample="Response status code does not indicate success: 400 (Bad Request)."
Foundgine run=19: concurrency=32 workers=32 success=0 failed=32 rps=0.0 avgWall=4.6ms p50=0.0ms p95=0.0ms p99=0.0 maxWall=5.6ms toolCalls/flow=1.0 estToolInputTokens=1 estToolOutputTokens=42 estContextLoadTokens=356 providerTokens=N/A activeHttpPeak=30 httpRetries=0
  error=HttpRequest count=32 sample="Response status code does not indicate success: 400 (Bad Request)."
Foundgine run=20: concurrency=32 workers=32 success=0 failed=32 rps=0.0 avgWall=2.2ms p50=0.0ms p95=0.0ms p99=0.0 maxWall=3.3ms toolCalls/flow=1.0 estToolInputTokens=1 estToolOutputTokens=42 estContextLoadTokens=356 providerTokens=N/A activeHttpPeak=28 httpRetries=0
  error=HttpRequest count=32 sample="Response status code does not indicate success: 400 (Bad Request)."
Foundgine run=21: concurrency=32 workers=32 success=0 failed=32 rps=0.0 avgWall=1.7ms p50=0.0ms p95=0.0ms p99=0.0 maxWall=2.5ms toolCalls/flow=1.0 estToolInputTokens=1 estToolOutputTokens=42 estContextLoadTokens=356 providerTokens=N/A activeHttpPeak=22 httpRetries=0
  error=HttpRequest count=32 sample="Response status code does not indicate success: 400 (Bad Request)."
Foundgine run=22: concurrency=32 workers=32 success=0 failed=32 rps=0.0 avgWall=2.9ms p50=0.0ms p95=0.0ms p99=0.0 maxWall=4.8ms toolCalls/flow=1.0 estToolInputTokens=1 estToolOutputTokens=42 estContextLoadTokens=356 providerTokens=N/A activeHttpPeak=27 httpRetries=0
  error=HttpRequest count=32 sample="Response status code does not indicate success: 400 (Bad Request)."
Foundgine run=23: concurrency=32 workers=32 success=0 failed=32 rps=0.0 avgWall=3.4ms p50=0.0ms p95=0.0ms p99=0.0 maxWall=4.8ms toolCalls/flow=1.0 estToolInputTokens=1 estToolOutputTokens=42 estContextLoadTokens=356 providerTokens=N/A activeHttpPeak=32 httpRetries=0
  error=HttpRequest count=32 sample="Response status code does not indicate success: 400 (Bad Request)."
Foundgine run=24: concurrency=32 workers=32 success=0 failed=32 rps=0.0 avgWall=2.1ms p50=0.0ms p95=0.0ms p99=0.0 maxWall=3.0ms toolCalls/flow=1.0 estToolInputTokens=1 estToolOutputTokens=42 estContextLoadTokens=356 providerTokens=N/A activeHttpPeak=22 httpRetries=0
  error=HttpRequest count=32 sample="Response status code does not indicate success: 400 (Bad Request)."
Foundgine run=25: concurrency=32 workers=32 success=0 failed=32 rps=0.0 avgWall=3.7ms p50=0.0ms p95=0.0ms p99=0.0 maxWall=8.5ms toolCalls/flow=1.0 estToolInputTokens=1 estToolOutputTokens=42 estContextLoadTokens=356 providerTokens=N/A activeHttpPeak=25 httpRetries=0
  error=HttpRequest count=32 sample="Response status code does not indicate success: 400 (Bad Request)."
Foundgine run=26: concurrency=32 workers=32 success=0 failed=32 rps=0.0 avgWall=2.4ms p50=0.0ms p95=0.0ms p99=0.0 maxWall=3.1ms toolCalls/flow=1.0 estToolInputTokens=1 estToolOutputTokens=42 estContextLoadTokens=356 providerTokens=N/A activeHttpPeak=32 httpRetries=0
  error=HttpRequest count=32 sample="Response status code does not indicate success: 400 (Bad Request)."
Foundgine run=27: concurrency=32 workers=32 success=0 failed=32 rps=0.0 avgWall=2.4ms p50=0.0ms p95=0.0ms p99=0.0 maxWall=3.4ms toolCalls/flow=1.0 estToolInputTokens=1 estToolOutputTokens=42 estContextLoadTokens=356 providerTokens=N/A activeHttpPeak=32 httpRetries=0
  error=HttpRequest count=32 sample="Response status code does not indicate success: 400 (Bad Request)."
Foundgine run=28: concurrency=32 workers=32 success=0 failed=32 rps=0.0 avgWall=3.0ms p50=0.0ms p95=0.0ms p99=0.0 maxWall=7.7ms toolCalls/flow=1.0 estToolInputTokens=1 estToolOutputTokens=42 estContextLoadTokens=356 providerTokens=N/A activeHttpPeak=32 httpRetries=0
  error=HttpRequest count=32 sample="Response status code does not indicate success: 400 (Bad Request)."
Foundgine run=29: concurrency=32 workers=32 success=0 failed=32 rps=0.0 avgWall=2.6ms p50=0.0ms p95=0.0ms p99=0.0 maxWall=6.1ms toolCalls/flow=1.0 estToolInputTokens=1 estToolOutputTokens=42 estContextLoadTokens=356 providerTokens=N/A activeHttpPeak=30 httpRetries=0
  error=HttpRequest count=32 sample="Response status code does not indicate success: 400 (Bad Request)."
Foundgine run=30: concurrency=32 workers=32 success=0 failed=32 rps=0.0 avgWall=2.3ms p50=0.0ms p95=0.0ms p99=0.0 maxWall=3.4ms toolCalls/flow=1.0 estToolInputTokens=1 estToolOutputTokens=42 estContextLoadTokens=356 providerTokens=N/A activeHttpPeak=25 httpRetries=0
  error=HttpRequest count=32 sample="Response status code does not indicate success: 400 (Bad Request)."

Concurrency: 32
Estimated context-load saving: 69.5%
Estimated tokens/run â?" Conventional: input=61, output=799, context=1166
Estimated tokens/run â?" Foundgine:    input=1, output=42, context=356
Provider input-token saving: N/A â?" replay mode
Provider total-token saving: N/A â?" replay mode
Agent/tool round-trip saving: 88.9%
Agent/tool payload saving: 95.1%
Tool-call saving: 88.9%
Expected final state verified: False
Verification failures: 984
Expected state: C:\Foundgine\benchmarks\AgentEndToEnd\Run2\artifacts\00010-customers\concurrency-032\expected-state.json
Reports: C:\Foundgine\benchmarks\AgentEndToEnd\Run2\artifacts\00010-customers\concurrency-032\agent-benchmark.json; C:\Foundgine\benchmarks\AgentEndToEnd\Run2\artifacts\00010-customers\concurrency-032\agent-benchmark.md

>>> Concurrency tier: 64

============================================
 Agent benchmark: 10 customers / 30 runs
============================================
WARNING: concurrency=64 exceeds available customers=10; customer IDs will be reused across concurrent flows.
Scenario: customer-exposure-review-query-mutation-query-mutation
Mode: replay; concurrency=64; warmups=5; runs=30; fixtureCustomer=1
Fixture: relationships=4, contracts=12, transactions=48, exposure=48,240.00
Conventional run=1: concurrency=64 workers=64 success=64 failed=0 rps=471.2 avgWall=112.5ms p50=117.4ms p95=131.4ms p99=135.8 maxWall=135.8ms toolCalls/flow=9.0 estToolInputTokens=61 estToolOutputTokens=799 estContextLoadTokens=1167 providerTokens=N/A activeHttpPeak=0 httpRetries=0
Conventional run=2: concurrency=64 workers=64 success=64 failed=0 rps=484.8 avgWall=107.4ms p50=112.0ms p95=128.7ms p99=131.4 maxWall=132.0ms toolCalls/flow=9.0 estToolInputTokens=61 estToolOutputTokens=799 estContextLoadTokens=1166 providerTokens=N/A activeHttpPeak=0 httpRetries=0
Conventional run=3: concurrency=64 workers=64 success=64 failed=0 rps=491.5 avgWall=102.3ms p50=104.2ms p95=125.4ms p99=128.4 maxWall=130.2ms toolCalls/flow=9.0 estToolInputTokens=61 estToolOutputTokens=799 estContextLoadTokens=1166 providerTokens=N/A activeHttpPeak=0 httpRetries=0
Conventional run=4: concurrency=64 workers=64 success=64 failed=0 rps=498.5 avgWall=103.9ms p50=108.3ms p95=125.1ms p99=127.9 maxWall=128.4ms toolCalls/flow=9.0 estToolInputTokens=61 estToolOutputTokens=799 estContextLoadTokens=1167 providerTokens=N/A activeHttpPeak=0 httpRetries=0
Conventional run=5: concurrency=64 workers=64 success=64 failed=0 rps=508.5 avgWall=107.0ms p50=109.1ms p95=124.6ms p99=125.3 maxWall=125.9ms toolCalls/flow=9.0 estToolInputTokens=61 estToolOutputTokens=799 estContextLoadTokens=1166 providerTokens=N/A activeHttpPeak=0 httpRetries=0
Conventional run=6: concurrency=64 workers=64 success=64 failed=0 rps=498.2 avgWall=106.6ms p50=110.5ms p95=126.5ms p99=128.5 maxWall=128.5ms toolCalls/flow=9.0 estToolInputTokens=61 estToolOutputTokens=799 estContextLoadTokens=1166 providerTokens=N/A activeHttpPeak=0 httpRetries=0
Conventional run=7: concurrency=64 workers=64 success=64 failed=0 rps=479.3 avgWall=110.3ms p50=115.3ms p95=130.9ms p99=133.5 maxWall=133.5ms toolCalls/flow=9.0 estToolInputTokens=61 estToolOutputTokens=799 estContextLoadTokens=1166 providerTokens=N/A activeHttpPeak=0 httpRetries=0
Conventional run=8: concurrency=64 workers=64 success=64 failed=0 rps=507.1 avgWall=105.8ms p50=105.6ms p95=122.9ms p99=125.5 maxWall=126.2ms toolCalls/flow=9.0 estToolInputTokens=61 estToolOutputTokens=799 estContextLoadTokens=1166 providerTokens=N/A activeHttpPeak=0 httpRetries=0
Conventional run=9: concurrency=64 workers=64 success=64 failed=0 rps=545.0 avgWall=92.2ms p50=90.8ms p95=113.3ms p99=116.4 maxWall=117.4ms toolCalls/flow=9.0 estToolInputTokens=61 estToolOutputTokens=799 estContextLoadTokens=1166 providerTokens=N/A activeHttpPeak=0 httpRetries=0
Conventional run=10: concurrency=64 workers=64 success=64 failed=0 rps=627.8 avgWall=84.7ms p50=87.3ms p95=98.3ms p99=100.9 maxWall=101.9ms toolCalls/flow=9.0 estToolInputTokens=61 estToolOutputTokens=799 estContextLoadTokens=1166 providerTokens=N/A activeHttpPeak=0 httpRetries=0
Conventional run=11: concurrency=64 workers=64 success=64 failed=0 rps=598.6 avgWall=82.7ms p50=82.5ms p95=103.5ms p99=104.9 maxWall=106.9ms toolCalls/flow=9.0 estToolInputTokens=61 estToolOutputTokens=799 estContextLoadTokens=1166 providerTokens=N/A activeHttpPeak=0 httpRetries=0
Conventional run=12: concurrency=64 workers=64 success=64 failed=0 rps=532.2 avgWall=96.2ms p50=99.6ms p95=114.3ms p99=118.9 maxWall=120.3ms toolCalls/flow=9.0 estToolInputTokens=61 estToolOutputTokens=799 estContextLoadTokens=1167 providerTokens=N/A activeHttpPeak=0 httpRetries=0
Conventional run=13: concurrency=64 workers=64 success=64 failed=0 rps=605.9 avgWall=86.6ms p50=86.9ms p95=103.2ms p99=105.1 maxWall=105.6ms toolCalls/flow=9.0 estToolInputTokens=61 estToolOutputTokens=799 estContextLoadTokens=1166 providerTokens=N/A activeHttpPeak=0 httpRetries=0
Conventional run=14: concurrency=64 workers=64 success=64 failed=0 rps=639.6 avgWall=78.7ms p50=80.1ms p95=96.0ms p99=100.0 maxWall=100.1ms toolCalls/flow=9.0 estToolInputTokens=61 estToolOutputTokens=798 estContextLoadTokens=1166 providerTokens=N/A activeHttpPeak=0 httpRetries=0
Conventional run=15: concurrency=64 workers=64 success=64 failed=0 rps=525.8 avgWall=101.0ms p50=100.7ms p95=118.6ms p99=121.1 maxWall=121.7ms toolCalls/flow=9.0 estToolInputTokens=61 estToolOutputTokens=799 estContextLoadTokens=1166 providerTokens=N/A activeHttpPeak=0 httpRetries=0
Conventional run=16: concurrency=64 workers=64 success=64 failed=0 rps=612.4 avgWall=81.6ms p50=82.7ms p95=99.2ms p99=104.2 maxWall=104.5ms toolCalls/flow=9.0 estToolInputTokens=61 estToolOutputTokens=799 estContextLoadTokens=1166 providerTokens=N/A activeHttpPeak=0 httpRetries=0
Conventional run=17: concurrency=64 workers=64 success=64 failed=0 rps=564.9 avgWall=88.7ms p50=89.6ms p95=108.2ms p99=110.7 maxWall=113.3ms toolCalls/flow=9.0 estToolInputTokens=61 estToolOutputTokens=799 estContextLoadTokens=1167 providerTokens=N/A activeHttpPeak=0 httpRetries=0
Conventional run=18: concurrency=64 workers=64 success=64 failed=0 rps=650.1 avgWall=81.3ms p50=81.3ms p95=96.1ms p99=97.9 maxWall=98.4ms toolCalls/flow=9.0 estToolInputTokens=61 estToolOutputTokens=798 estContextLoadTokens=1166 providerTokens=N/A activeHttpPeak=0 httpRetries=0
Conventional run=19: concurrency=64 workers=64 success=64 failed=0 rps=673.3 avgWall=79.2ms p50=80.2ms p95=93.3ms p99=94.6 maxWall=95.1ms toolCalls/flow=9.0 estToolInputTokens=61 estToolOutputTokens=799 estContextLoadTokens=1166 providerTokens=N/A activeHttpPeak=0 httpRetries=0
Conventional run=20: concurrency=64 workers=64 success=64 failed=0 rps=614.9 avgWall=85.0ms p50=87.2ms p95=100.3ms p99=103.9 maxWall=104.1ms toolCalls/flow=9.0 estToolInputTokens=61 estToolOutputTokens=799 estContextLoadTokens=1166 providerTokens=N/A activeHttpPeak=0 httpRetries=0
Conventional run=21: concurrency=64 workers=64 success=64 failed=0 rps=656.0 avgWall=79.7ms p50=83.3ms p95=95.0ms p99=97.0 maxWall=97.6ms toolCalls/flow=9.0 estToolInputTokens=61 estToolOutputTokens=799 estContextLoadTokens=1166 providerTokens=N/A activeHttpPeak=0 httpRetries=0
Conventional run=22: concurrency=64 workers=64 success=64 failed=0 rps=623.8 avgWall=82.7ms p50=83.8ms p95=97.8ms p99=100.6 maxWall=102.6ms toolCalls/flow=9.0 estToolInputTokens=61 estToolOutputTokens=799 estContextLoadTokens=1167 providerTokens=N/A activeHttpPeak=0 httpRetries=0
Conventional run=23: concurrency=64 workers=64 success=64 failed=0 rps=675.0 avgWall=79.9ms p50=83.3ms p95=92.1ms p99=94.3 maxWall=94.8ms toolCalls/flow=9.0 estToolInputTokens=61 estToolOutputTokens=799 estContextLoadTokens=1166 providerTokens=N/A activeHttpPeak=0 httpRetries=0
Conventional run=24: concurrency=64 workers=64 success=64 failed=0 rps=591.5 avgWall=84.5ms p50=84.6ms p95=102.9ms p99=106.6 maxWall=108.2ms toolCalls/flow=9.0 estToolInputTokens=61 estToolOutputTokens=799 estContextLoadTokens=1166 providerTokens=N/A activeHttpPeak=0 httpRetries=0
Conventional run=25: concurrency=64 workers=64 success=64 failed=0 rps=689.5 avgWall=76.3ms p50=78.2ms p95=91.2ms p99=92.2 maxWall=92.8ms toolCalls/flow=9.0 estToolInputTokens=61 estToolOutputTokens=799 estContextLoadTokens=1166 providerTokens=N/A activeHttpPeak=0 httpRetries=0
Conventional run=26: concurrency=64 workers=64 success=64 failed=0 rps=647.4 avgWall=78.3ms p50=80.8ms p95=96.5ms p99=97.7 maxWall=98.9ms toolCalls/flow=9.0 estToolInputTokens=61 estToolOutputTokens=799 estContextLoadTokens=1166 providerTokens=N/A activeHttpPeak=0 httpRetries=0
Conventional run=27: concurrency=64 workers=64 success=64 failed=0 rps=666.6 avgWall=75.2ms p50=76.7ms p95=92.5ms p99=94.8 maxWall=96.0ms toolCalls/flow=9.0 estToolInputTokens=61 estToolOutputTokens=799 estContextLoadTokens=1166 providerTokens=N/A activeHttpPeak=0 httpRetries=0
Conventional run=28: concurrency=64 workers=64 success=64 failed=0 rps=613.2 avgWall=85.1ms p50=87.7ms p95=101.0ms p99=103.0 maxWall=104.4ms toolCalls/flow=9.0 estToolInputTokens=61 estToolOutputTokens=799 estContextLoadTokens=1166 providerTokens=N/A activeHttpPeak=0 httpRetries=0
Conventional run=29: concurrency=64 workers=64 success=64 failed=0 rps=559.4 avgWall=82.8ms p50=82.3ms p95=104.2ms p99=108.6 maxWall=114.4ms toolCalls/flow=9.0 estToolInputTokens=61 estToolOutputTokens=799 estContextLoadTokens=1166 providerTokens=N/A activeHttpPeak=0 httpRetries=0
Conventional run=30: concurrency=64 workers=64 success=64 failed=0 rps=594.7 avgWall=88.2ms p50=93.3ms p95=103.1ms p99=105.4 maxWall=107.6ms toolCalls/flow=9.0 estToolInputTokens=61 estToolOutputTokens=798 estContextLoadTokens=1166 providerTokens=N/A activeHttpPeak=0 httpRetries=0
Foundgine run=1: concurrency=64 workers=64 success=0 failed=64 rps=0.0 avgWall=3.1ms p50=0.0ms p95=0.0ms p99=0.0 maxWall=5.2ms toolCalls/flow=1.0 estToolInputTokens=1 estToolOutputTokens=42 estContextLoadTokens=356 providerTokens=N/A activeHttpPeak=58 httpRetries=0
  error=HttpRequest count=64 sample="Response status code does not indicate success: 400 (Bad Request)."
Foundgine run=2: concurrency=64 workers=64 success=0 failed=64 rps=0.0 avgWall=2.1ms p50=0.0ms p95=0.0ms p99=0.0 maxWall=7.2ms toolCalls/flow=1.0 estToolInputTokens=1 estToolOutputTokens=42 estContextLoadTokens=356 providerTokens=N/A activeHttpPeak=22 httpRetries=0
  error=HttpRequest count=64 sample="Response status code does not indicate success: 400 (Bad Request)."
Foundgine run=3: concurrency=64 workers=64 success=0 failed=64 rps=0.0 avgWall=4.9ms p50=0.0ms p95=0.0ms p99=0.0 maxWall=8.0ms toolCalls/flow=1.0 estToolInputTokens=1 estToolOutputTokens=42 estContextLoadTokens=356 providerTokens=N/A activeHttpPeak=50 httpRetries=0
  error=HttpRequest count=64 sample="Response status code does not indicate success: 400 (Bad Request)."
Foundgine run=4: concurrency=64 workers=64 success=0 failed=64 rps=0.0 avgWall=2.9ms p50=0.0ms p95=0.0ms p99=0.0 maxWall=6.7ms toolCalls/flow=1.0 estToolInputTokens=1 estToolOutputTokens=42 estContextLoadTokens=356 providerTokens=N/A activeHttpPeak=31 httpRetries=0
  error=HttpRequest count=64 sample="Response status code does not indicate success: 400 (Bad Request)."
Foundgine run=5: concurrency=64 workers=64 success=0 failed=64 rps=0.0 avgWall=3.3ms p50=0.0ms p95=0.0ms p99=0.0 maxWall=4.8ms toolCalls/flow=1.0 estToolInputTokens=1 estToolOutputTokens=42 estContextLoadTokens=356 providerTokens=N/A activeHttpPeak=49 httpRetries=0
  error=HttpRequest count=64 sample="Response status code does not indicate success: 400 (Bad Request)."
Foundgine run=6: concurrency=64 workers=64 success=0 failed=64 rps=0.0 avgWall=6.2ms p50=0.0ms p95=0.0ms p99=0.0 maxWall=17.8ms toolCalls/flow=1.0 estToolInputTokens=1 estToolOutputTokens=42 estContextLoadTokens=356 providerTokens=N/A activeHttpPeak=55 httpRetries=0
  error=HttpRequest count=64 sample="Response status code does not indicate success: 400 (Bad Request)."
Foundgine run=7: concurrency=64 workers=64 success=0 failed=64 rps=0.0 avgWall=2.5ms p50=0.0ms p95=0.0ms p99=0.0 maxWall=3.9ms toolCalls/flow=1.0 estToolInputTokens=1 estToolOutputTokens=42 estContextLoadTokens=356 providerTokens=N/A activeHttpPeak=48 httpRetries=0
  error=HttpRequest count=64 sample="Response status code does not indicate success: 400 (Bad Request)."
Foundgine run=8: concurrency=64 workers=64 success=0 failed=64 rps=0.0 avgWall=4.0ms p50=0.0ms p95=0.0ms p99=0.0 maxWall=7.2ms toolCalls/flow=1.0 estToolInputTokens=1 estToolOutputTokens=42 estContextLoadTokens=356 providerTokens=N/A activeHttpPeak=47 httpRetries=0
  error=HttpRequest count=64 sample="Response status code does not indicate success: 400 (Bad Request)."
Foundgine run=9: concurrency=64 workers=64 success=0 failed=64 rps=0.0 avgWall=2.7ms p50=0.0ms p95=0.0ms p99=0.0 maxWall=4.7ms toolCalls/flow=1.0 estToolInputTokens=1 estToolOutputTokens=42 estContextLoadTokens=356 providerTokens=N/A activeHttpPeak=33 httpRetries=0
  error=HttpRequest count=64 sample="Response status code does not indicate success: 400 (Bad Request)."
Foundgine run=10: concurrency=64 workers=64 success=0 failed=64 rps=0.0 avgWall=4.6ms p50=0.0ms p95=0.0ms p99=0.0 maxWall=10.0ms toolCalls/flow=1.0 estToolInputTokens=1 estToolOutputTokens=42 estContextLoadTokens=356 providerTokens=N/A activeHttpPeak=49 httpRetries=0
  error=HttpRequest count=64 sample="Response status code does not indicate success: 400 (Bad Request)."
Foundgine run=11: concurrency=64 workers=64 success=0 failed=64 rps=0.0 avgWall=4.5ms p50=0.0ms p95=0.0ms p99=0.0 maxWall=7.5ms toolCalls/flow=1.0 estToolInputTokens=1 estToolOutputTokens=42 estContextLoadTokens=356 providerTokens=N/A activeHttpPeak=44 httpRetries=0
  error=HttpRequest count=64 sample="Response status code does not indicate success: 400 (Bad Request)."
Foundgine run=12: concurrency=64 workers=64 success=0 failed=64 rps=0.0 avgWall=2.1ms p50=0.0ms p95=0.0ms p99=0.0 maxWall=6.5ms toolCalls/flow=1.0 estToolInputTokens=1 estToolOutputTokens=42 estContextLoadTokens=356 providerTokens=N/A activeHttpPeak=24 httpRetries=0
  error=HttpRequest count=64 sample="Response status code does not indicate success: 400 (Bad Request)."
Foundgine run=13: concurrency=64 workers=64 success=0 failed=64 rps=0.0 avgWall=2.8ms p50=0.0ms p95=0.0ms p99=0.0 maxWall=5.0ms toolCalls/flow=1.0 estToolInputTokens=1 estToolOutputTokens=42 estContextLoadTokens=356 providerTokens=N/A activeHttpPeak=26 httpRetries=0
  error=HttpRequest count=64 sample="Response status code does not indicate success: 400 (Bad Request)."
Foundgine run=14: concurrency=64 workers=64 success=0 failed=64 rps=0.0 avgWall=3.3ms p50=0.0ms p95=0.0ms p99=0.0 maxWall=7.3ms toolCalls/flow=1.0 estToolInputTokens=1 estToolOutputTokens=42 estContextLoadTokens=356 providerTokens=N/A activeHttpPeak=47 httpRetries=0
  error=HttpRequest count=64 sample="Response status code does not indicate success: 400 (Bad Request)."
Foundgine run=15: concurrency=64 workers=64 success=0 failed=64 rps=0.0 avgWall=4.7ms p50=0.0ms p95=0.0ms p99=0.0 maxWall=6.8ms toolCalls/flow=1.0 estToolInputTokens=1 estToolOutputTokens=42 estContextLoadTokens=356 providerTokens=N/A activeHttpPeak=55 httpRetries=0
  error=HttpRequest count=64 sample="Response status code does not indicate success: 400 (Bad Request)."
Foundgine run=16: concurrency=64 workers=64 success=0 failed=64 rps=0.0 avgWall=2.9ms p50=0.0ms p95=0.0ms p99=0.0 maxWall=5.1ms toolCalls/flow=1.0 estToolInputTokens=1 estToolOutputTokens=42 estContextLoadTokens=356 providerTokens=N/A activeHttpPeak=32 httpRetries=0
  error=HttpRequest count=64 sample="Response status code does not indicate success: 400 (Bad Request)."
Foundgine run=17: concurrency=64 workers=64 success=0 failed=64 rps=0.0 avgWall=2.3ms p50=0.0ms p95=0.0ms p99=0.0 maxWall=3.5ms toolCalls/flow=1.0 estToolInputTokens=1 estToolOutputTokens=42 estContextLoadTokens=356 providerTokens=N/A activeHttpPeak=32 httpRetries=0
  error=HttpRequest count=64 sample="Response status code does not indicate success: 400 (Bad Request)."
Foundgine run=18: concurrency=64 workers=64 success=0 failed=64 rps=0.0 avgWall=5.3ms p50=0.0ms p95=0.0ms p99=0.0 maxWall=7.9ms toolCalls/flow=1.0 estToolInputTokens=1 estToolOutputTokens=42 estContextLoadTokens=356 providerTokens=N/A activeHttpPeak=61 httpRetries=0
  error=HttpRequest count=64 sample="Response status code does not indicate success: 400 (Bad Request)."
Foundgine run=19: concurrency=64 workers=64 success=0 failed=64 rps=0.0 avgWall=3.9ms p50=0.0ms p95=0.0ms p99=0.0 maxWall=6.4ms toolCalls/flow=1.0 estToolInputTokens=1 estToolOutputTokens=42 estContextLoadTokens=356 providerTokens=N/A activeHttpPeak=44 httpRetries=0
  error=HttpRequest count=64 sample="Response status code does not indicate success: 400 (Bad Request)."
Foundgine run=20: concurrency=64 workers=64 success=0 failed=64 rps=0.0 avgWall=2.9ms p50=0.0ms p95=0.0ms p99=0.0 maxWall=6.3ms toolCalls/flow=1.0 estToolInputTokens=1 estToolOutputTokens=42 estContextLoadTokens=356 providerTokens=N/A activeHttpPeak=26 httpRetries=0
  error=HttpRequest count=64 sample="Response status code does not indicate success: 400 (Bad Request)."
Foundgine run=21: concurrency=64 workers=64 success=0 failed=64 rps=0.0 avgWall=2.2ms p50=0.0ms p95=0.0ms p99=0.0 maxWall=3.5ms toolCalls/flow=1.0 estToolInputTokens=1 estToolOutputTokens=42 estContextLoadTokens=356 providerTokens=N/A activeHttpPeak=28 httpRetries=0
  error=HttpRequest count=64 sample="Response status code does not indicate success: 400 (Bad Request)."
Foundgine run=22: concurrency=64 workers=64 success=0 failed=64 rps=0.0 avgWall=5.3ms p50=0.0ms p95=0.0ms p99=0.0 maxWall=8.2ms toolCalls/flow=1.0 estToolInputTokens=1 estToolOutputTokens=42 estContextLoadTokens=356 providerTokens=N/A activeHttpPeak=61 httpRetries=0
  error=HttpRequest count=64 sample="Response status code does not indicate success: 400 (Bad Request)."
Foundgine run=23: concurrency=64 workers=64 success=0 failed=64 rps=0.0 avgWall=3.8ms p50=0.0ms p95=0.0ms p99=0.0 maxWall=11.0ms toolCalls/flow=1.0 estToolInputTokens=1 estToolOutputTokens=42 estContextLoadTokens=356 providerTokens=N/A activeHttpPeak=31 httpRetries=0
  error=HttpRequest count=64 sample="Response status code does not indicate success: 400 (Bad Request)."
Foundgine run=24: concurrency=64 workers=64 success=0 failed=64 rps=0.0 avgWall=3.2ms p50=0.0ms p95=0.0ms p99=0.0 maxWall=5.9ms toolCalls/flow=1.0 estToolInputTokens=1 estToolOutputTokens=42 estContextLoadTokens=356 providerTokens=N/A activeHttpPeak=40 httpRetries=0
  error=HttpRequest count=64 sample="Response status code does not indicate success: 400 (Bad Request)."
Foundgine run=25: concurrency=64 workers=64 success=0 failed=64 rps=0.0 avgWall=2.5ms p50=0.0ms p95=0.0ms p99=0.0 maxWall=4.0ms toolCalls/flow=1.0 estToolInputTokens=1 estToolOutputTokens=42 estContextLoadTokens=356 providerTokens=N/A activeHttpPeak=40 httpRetries=0
  error=HttpRequest count=64 sample="Response status code does not indicate success: 400 (Bad Request)."
Foundgine run=26: concurrency=64 workers=64 success=0 failed=64 rps=0.0 avgWall=5.1ms p50=0.0ms p95=0.0ms p99=0.0 maxWall=8.0ms toolCalls/flow=1.0 estToolInputTokens=1 estToolOutputTokens=42 estContextLoadTokens=356 providerTokens=N/A activeHttpPeak=57 httpRetries=0
  error=HttpRequest count=64 sample="Response status code does not indicate success: 400 (Bad Request)."
Foundgine run=27: concurrency=64 workers=64 success=0 failed=64 rps=0.0 avgWall=4.3ms p50=0.0ms p95=0.0ms p99=0.0 maxWall=7.9ms toolCalls/flow=1.0 estToolInputTokens=1 estToolOutputTokens=42 estContextLoadTokens=356 providerTokens=N/A activeHttpPeak=35 httpRetries=0
  error=HttpRequest count=64 sample="Response status code does not indicate success: 400 (Bad Request)."
Foundgine run=28: concurrency=64 workers=64 success=0 failed=64 rps=0.0 avgWall=3.1ms p50=0.0ms p95=0.0ms p99=0.0 maxWall=5.2ms toolCalls/flow=1.0 estToolInputTokens=1 estToolOutputTokens=42 estContextLoadTokens=356 providerTokens=N/A activeHttpPeak=43 httpRetries=0
  error=HttpRequest count=64 sample="Response status code does not indicate success: 400 (Bad Request)."
Foundgine run=29: concurrency=64 workers=64 success=0 failed=64 rps=0.0 avgWall=5.0ms p50=0.0ms p95=0.0ms p99=0.0 maxWall=8.0ms toolCalls/flow=1.0 estToolInputTokens=1 estToolOutputTokens=42 estContextLoadTokens=356 providerTokens=N/A activeHttpPeak=49 httpRetries=0
  error=HttpRequest count=64 sample="Response status code does not indicate success: 400 (Bad Request)."
Foundgine run=30: concurrency=64 workers=64 success=0 failed=64 rps=0.0 avgWall=3.1ms p50=0.0ms p95=0.0ms p99=0.0 maxWall=6.2ms toolCalls/flow=1.0 estToolInputTokens=1 estToolOutputTokens=42 estContextLoadTokens=356 providerTokens=N/A activeHttpPeak=42 httpRetries=0
  error=HttpRequest count=64 sample="Response status code does not indicate success: 400 (Bad Request)."

Concurrency: 64
Estimated context-load saving: 69.5%
Estimated tokens/run â?" Conventional: input=61, output=799, context=1166
Estimated tokens/run â?" Foundgine:    input=1, output=42, context=356
Provider input-token saving: N/A â?" replay mode
Provider total-token saving: N/A â?" replay mode
Agent/tool round-trip saving: 88.9%
Agent/tool payload saving: 95.1%
Tool-call saving: 88.9%
Expected final state verified: False
Verification failures: 2206
Expected state: C:\Foundgine\benchmarks\AgentEndToEnd\Run2\artifacts\00010-customers\concurrency-064\expected-state.json
Reports: C:\Foundgine\benchmarks\AgentEndToEnd\Run2\artifacts\00010-customers\concurrency-064\agent-benchmark.json; C:\Foundgine\benchmarks\AgentEndToEnd\Run2\artifacts\00010-customers\concurrency-064\agent-benchmark.md
Removing benchmark containers and PostgreSQL volume...
Starting PostgreSQL 17 benchmark container on host port 30906...
 Network foundgine-agent-e2e_default Creating 
 Network foundgine-agent-e2e_default Created 
 Volume foundgine-agent-e2e_agent-e2e-postgres-data Creating 
 Volume foundgine-agent-e2e_agent-e2e-postgres-data Created 
 Container foundgine-agent-e2e-postgres-1 Creating 
 Container foundgine-agent-e2e-postgres-1 Created 
 Container foundgine-agent-e2e-postgres-1 Starting 
 Container foundgine-agent-e2e-postgres-1 Started 
Waiting for PostgreSQL...
Seeding fixture: 100 customers ...
Seeding 100 customers, 400 relationships, 1,200 contracts and 4,800 transactions...
Seeded: 100 customers, 400 relationships, 1,200 contracts, 4,800 transactions.
Benchmark graph for Customer 1: 4 relationships -> 12 contracts -> 48 transactions.
Customer 1 is the deterministic benchmark target.
Building and starting Foundgine warm benchmark API...
 Image foundgine-agent-e2e-foundgine-warm Building 
#1 [internal] load local bake definitions
#1 reading from stdin 612B done
#1 DONE 0.0s

#2 [internal] load build definition from Dockerfile
#2 transferring dockerfile: 1.18kB done
#2 DONE 0.0s

#3 [internal] load metadata for mcr.microsoft.com/dotnet/aspnet:9.0
#3 DONE 0.2s

#4 [internal] load metadata for mcr.microsoft.com/dotnet/sdk:9.0
#4 DONE 0.3s

#5 [internal] load .dockerignore
#5 transferring context: 2B done
#5 DONE 0.0s

#6 [internal] load build context
#6 DONE 0.0s

#7 [stage-1 1/4] FROM mcr.microsoft.com/dotnet/aspnet:9.0@sha256:b1201ee0ccf9a22c06844982296c1be40d5ff9c7685dc002729f204e63fb1730
#7 resolve mcr.microsoft.com/dotnet/aspnet:9.0@sha256:b1201ee0ccf9a22c06844982296c1be40d5ff9c7685dc002729f204e63fb1730 0.0s done
#7 DONE 0.0s

#8 [build 1/5] FROM mcr.microsoft.com/dotnet/sdk:9.0@sha256:f190d2dd9eef2899c91ac323caa0bd2b39334a5400ba93013e5199da39dad940
#8 resolve mcr.microsoft.com/dotnet/sdk:9.0@sha256:f190d2dd9eef2899c91ac323caa0bd2b39334a5400ba93013e5199da39dad940 0.0s done
#8 DONE 0.0s

#6 [internal] load build context
#6 transferring context: 45.26MB 0.5s done
#6 DONE 0.5s

#9 [build 2/5] WORKDIR /src
#9 CACHED

#10 [build 3/5] COPY . .
#10 DONE 1.0s

#11 [build 4/5] RUN dotnet restore     benchmarks/CoffeeBeanery.Performance/Foundgine.CoffeeBeanery.BenchmarkApi/Foundgine.CoffeeBeanery.BenchmarkApi.csproj
#11 0.704   Determining projects to restore...
#11 1.907   Restored /src/src/Foundgine.Execution/Foundgine.Execution.csproj (in 137 ms).
#11 1.907   Restored /src/src/Foundgine.Semantics/Foundgine.Semantics.csproj (in 137 ms).
#11 1.907   Restored /src/src/Foundgine.Metadata/Foundgine.Metadata.csproj (in 138 ms).
#11 1.907   Restored /src/src/Foundgine.Planning/Foundgine.Planning.csproj (in 138 ms).
#11 1.913   Restored /src/src/Foundgine.Abstractions/Foundgine.Abstractions.csproj (in 2 ms).
#11 3.738   Restored /src/src/Foundgine/Foundgine.csproj (in 2.02 sec).
#11 3.738   Restored /src/src/Foundgine.Sql/Foundgine.Sql.csproj (in 1.82 sec).
#11 3.745   Restored /src/src/Foundgine.GraphQL.HotChocolate/Foundgine.GraphQL.HotChocolate.csproj (in 2.02 sec).
#11 3.746   Restored /src/src/Foundgine.GraphQL.HotChocolate.Mutations/Foundgine.GraphQL.HotChocolate.Mutations.csproj (in 2.02 sec).
#11 3.747   Restored /src/benchmarks/CoffeeBeanery.Performance/Foundgine.CoffeeBeanery.BenchmarkApi/Foundgine.CoffeeBeanery.BenchmarkApi.csproj (in 2.02 sec).
#11 DONE 3.9s

#12 [build 5/5] RUN dotnet publish     benchmarks/CoffeeBeanery.Performance/Foundgine.CoffeeBeanery.BenchmarkApi/Foundgine.CoffeeBeanery.BenchmarkApi.csproj     -c Release     -o /app/publish
#12 0.790   Determining projects to restore...
#12 1.781   All projects are up-to-date for restore.
#12 4.903   Foundgine.Abstractions -> /src/src/Foundgine.Abstractions/bin/Release/net9.0/Foundgine.Abstractions.dll
#12 6.516   Foundgine.Semantics -> /src/src/Foundgine.Semantics/bin/Release/net9.0/Foundgine.Semantics.dll
#12 7.064   Foundgine.Metadata -> /src/src/Foundgine.Metadata/bin/Release/net9.0/Foundgine.Metadata.dll
#12 7.206   Foundgine.Planning -> /src/src/Foundgine.Planning/bin/Release/net9.0/Foundgine.Planning.dll
#12 7.841   Foundgine.Execution -> /src/src/Foundgine.Execution/bin/Release/net9.0/Foundgine.Execution.dll
#12 8.357   Foundgine -> /src/src/Foundgine/bin/Release/net9.0/Foundgine.dll
#12 8.671   Foundgine.Sql -> /src/src/Foundgine.Sql/bin/Release/net9.0/Foundgine.Sql.dll
#12 8.888   Foundgine.GraphQL.HotChocolate -> /src/src/Foundgine.GraphQL.HotChocolate/bin/Release/net9.0/Foundgine.GraphQL.HotChocolate.dll
#12 9.374   Foundgine.GraphQL.HotChocolate.Mutations -> /src/src/Foundgine.GraphQL.HotChocolate.Mutations/bin/Release/net9.0/Foundgine.GraphQL.HotChocolate.Mutations.dll
#12 10.32   Foundgine.CoffeeBeanery.BenchmarkApi -> /src/benchmarks/CoffeeBeanery.Performance/Foundgine.CoffeeBeanery.BenchmarkApi/bin/Release/net9.0/Foundgine.CoffeeBeanery.BenchmarkApi.dll
#12 10.37   Foundgine.CoffeeBeanery.BenchmarkApi -> /app/publish/
#12 DONE 10.5s

#13 [stage-1 2/4] RUN apt-get update     && apt-get install -y --no-install-recommends curl     && rm -rf /var/lib/apt/lists/*
#13 CACHED

#14 [stage-1 3/4] WORKDIR /app
#14 CACHED

#15 [stage-1 4/4] COPY --from=build /app/publish .
#15 CACHED

#16 exporting to image
#16 exporting layers done
#16 exporting manifest sha256:3fdb7cd0bf7564dd495819c9cc8607a7be6139d8683037595e3f7fe34a7854eb done
#16 exporting config sha256:1771bebcaf20ba60a3c52af83e0cddcf01896622e5c8c7395aa2c8a5307a8b41 done
#16 exporting attestation manifest sha256:1a78756f9b9405b01419503371507edca4d59b5c6f82f93260c983ea39b473e6 0.0s done
#16 exporting manifest list sha256:cb62a2cbf721fe97395197b4fe7507a2c49ae82955a77f88efaf0e5220c6e73b 0.0s done
#16 naming to docker.io/library/foundgine-agent-e2e-foundgine-warm:latest done
#16 unpacking to docker.io/library/foundgine-agent-e2e-foundgine-warm:latest done
#16 DONE 0.1s

#17 resolving provenance for metadata file
#17 DONE 0.0s
 Image foundgine-agent-e2e-foundgine-warm Built 
 Container foundgine-agent-e2e-foundgine-warm-1 Creating 
 Container foundgine-agent-e2e-foundgine-warm-1 Created 
 Container foundgine-agent-e2e-foundgine-warm-1 Starting 
 Container foundgine-agent-e2e-foundgine-warm-1 Started 
Waiting for http://localhost:4302/health/ready ...

>>> Concurrency tier: 64

============================================
 Agent benchmark: 100 customers / 30 runs
============================================
Scenario: customer-exposure-review-query-mutation-query-mutation
Mode: replay; concurrency=64; warmups=5; runs=30; fixtureCustomer=1
Fixture: relationships=4, contracts=12, transactions=48, exposure=48,240.00
Conventional run=1: concurrency=64 workers=64 success=64 failed=0 rps=552.4 avgWall=96.3ms p50=100.1ms p95=112.6ms p99=115.4 maxWall=115.9ms toolCalls/flow=9.0 estToolInputTokens=63 estToolOutputTokens=814 estContextLoadTokens=1184 providerTokens=N/A activeHttpPeak=0 httpRetries=0
Conventional run=2: concurrency=64 workers=64 success=64 failed=0 rps=570.2 avgWall=95.0ms p50=97.7ms p95=109.2ms p99=111.0 maxWall=112.2ms toolCalls/flow=9.0 estToolInputTokens=63 estToolOutputTokens=814 estContextLoadTokens=1184 providerTokens=N/A activeHttpPeak=0 httpRetries=0
Conventional run=3: concurrency=64 workers=64 success=64 failed=0 rps=584.2 avgWall=91.1ms p50=90.1ms p95=105.9ms p99=108.0 maxWall=109.5ms toolCalls/flow=9.0 estToolInputTokens=63 estToolOutputTokens=814 estContextLoadTokens=1184 providerTokens=N/A activeHttpPeak=0 httpRetries=0
Conventional run=4: concurrency=64 workers=64 success=64 failed=0 rps=617.6 avgWall=81.1ms p50=84.6ms p95=93.4ms p99=101.8 maxWall=103.6ms toolCalls/flow=9.0 estToolInputTokens=63 estToolOutputTokens=814 estContextLoadTokens=1184 providerTokens=N/A activeHttpPeak=0 httpRetries=0
Conventional run=5: concurrency=64 workers=64 success=64 failed=0 rps=612.3 avgWall=80.9ms p50=82.8ms p95=100.4ms p99=103.1 maxWall=104.5ms toolCalls/flow=9.0 estToolInputTokens=63 estToolOutputTokens=814 estContextLoadTokens=1184 providerTokens=N/A activeHttpPeak=0 httpRetries=0
Conventional run=6: concurrency=64 workers=64 success=64 failed=0 rps=495.0 avgWall=105.1ms p50=106.3ms p95=124.6ms p99=127.4 maxWall=129.3ms toolCalls/flow=9.0 estToolInputTokens=63 estToolOutputTokens=814 estContextLoadTokens=1184 providerTokens=N/A activeHttpPeak=0 httpRetries=0
Conventional run=7: concurrency=64 workers=64 success=64 failed=0 rps=627.5 avgWall=82.9ms p50=85.5ms p95=97.9ms p99=101.7 maxWall=102.0ms toolCalls/flow=9.0 estToolInputTokens=63 estToolOutputTokens=814 estContextLoadTokens=1184 providerTokens=N/A activeHttpPeak=0 httpRetries=0
Conventional run=8: concurrency=64 workers=64 success=64 failed=0 rps=598.0 avgWall=88.6ms p50=89.8ms p95=103.5ms p99=106.4 maxWall=107.0ms toolCalls/flow=9.0 estToolInputTokens=63 estToolOutputTokens=814 estContextLoadTokens=1184 providerTokens=N/A activeHttpPeak=0 httpRetries=0
Conventional run=9: concurrency=64 workers=64 success=64 failed=0 rps=615.1 avgWall=87.2ms p50=90.8ms p95=102.0ms p99=103.4 maxWall=104.0ms toolCalls/flow=9.0 estToolInputTokens=63 estToolOutputTokens=814 estContextLoadTokens=1184 providerTokens=N/A activeHttpPeak=0 httpRetries=0
Conventional run=10: concurrency=64 workers=64 success=64 failed=0 rps=710.9 avgWall=72.7ms p50=75.0ms p95=87.7ms p99=89.0 maxWall=90.0ms toolCalls/flow=9.0 estToolInputTokens=63 estToolOutputTokens=814 estContextLoadTokens=1184 providerTokens=N/A activeHttpPeak=0 httpRetries=0
Conventional run=11: concurrency=64 workers=64 success=64 failed=0 rps=666.2 avgWall=79.2ms p50=79.7ms p95=93.7ms p99=95.5 maxWall=96.1ms toolCalls/flow=9.0 estToolInputTokens=63 estToolOutputTokens=814 estContextLoadTokens=1184 providerTokens=N/A activeHttpPeak=0 httpRetries=0
Conventional run=12: concurrency=64 workers=64 success=64 failed=0 rps=700.3 avgWall=73.3ms p50=73.5ms p95=85.8ms p99=88.8 maxWall=91.4ms toolCalls/flow=9.0 estToolInputTokens=63 estToolOutputTokens=814 estContextLoadTokens=1184 providerTokens=N/A activeHttpPeak=0 httpRetries=0
Conventional run=13: concurrency=64 workers=64 success=64 failed=0 rps=540.3 avgWall=100.4ms p50=102.3ms p95=116.2ms p99=118.2 maxWall=118.4ms toolCalls/flow=9.0 estToolInputTokens=63 estToolOutputTokens=814 estContextLoadTokens=1184 providerTokens=N/A activeHttpPeak=0 httpRetries=0
Conventional run=14: concurrency=64 workers=64 success=64 failed=0 rps=541.0 avgWall=89.9ms p50=91.1ms p95=112.4ms p99=117.4 maxWall=118.3ms toolCalls/flow=9.0 estToolInputTokens=63 estToolOutputTokens=814 estContextLoadTokens=1184 providerTokens=N/A activeHttpPeak=0 httpRetries=0
Conventional run=15: concurrency=64 workers=64 success=64 failed=0 rps=608.5 avgWall=87.9ms p50=91.4ms p95=100.5ms p99=103.6 maxWall=105.2ms toolCalls/flow=9.0 estToolInputTokens=63 estToolOutputTokens=814 estContextLoadTokens=1184 providerTokens=N/A activeHttpPeak=0 httpRetries=0
Conventional run=16: concurrency=64 workers=64 success=64 failed=0 rps=589.4 avgWall=89.7ms p50=93.3ms p95=105.5ms p99=108.0 maxWall=108.6ms toolCalls/flow=9.0 estToolInputTokens=63 estToolOutputTokens=814 estContextLoadTokens=1184 providerTokens=N/A activeHttpPeak=0 httpRetries=0
Conventional run=17: concurrency=64 workers=64 success=64 failed=0 rps=428.3 avgWall=113.5ms p50=113.8ms p95=146.1ms p99=148.0 maxWall=149.4ms toolCalls/flow=9.0 estToolInputTokens=63 estToolOutputTokens=814 estContextLoadTokens=1184 providerTokens=N/A activeHttpPeak=0 httpRetries=0
Conventional run=18: concurrency=64 workers=64 success=64 failed=0 rps=475.3 avgWall=114.8ms p50=116.6ms p95=131.7ms p99=133.7 maxWall=134.6ms toolCalls/flow=9.0 estToolInputTokens=63 estToolOutputTokens=814 estContextLoadTokens=1184 providerTokens=N/A activeHttpPeak=0 httpRetries=0
Conventional run=19: concurrency=64 workers=64 success=64 failed=0 rps=612.7 avgWall=88.3ms p50=91.7ms p95=101.2ms p99=104.4 maxWall=104.5ms toolCalls/flow=9.0 estToolInputTokens=63 estToolOutputTokens=814 estContextLoadTokens=1184 providerTokens=N/A activeHttpPeak=0 httpRetries=0
Conventional run=20: concurrency=64 workers=64 success=64 failed=0 rps=496.5 avgWall=107.4ms p50=110.7ms p95=124.0ms p99=126.7 maxWall=128.9ms toolCalls/flow=9.0 estToolInputTokens=63 estToolOutputTokens=814 estContextLoadTokens=1184 providerTokens=N/A activeHttpPeak=0 httpRetries=0
Conventional run=21: concurrency=64 workers=64 success=64 failed=0 rps=624.3 avgWall=87.0ms p50=88.5ms p95=101.0ms p99=102.3 maxWall=102.5ms toolCalls/flow=9.0 estToolInputTokens=63 estToolOutputTokens=814 estContextLoadTokens=1184 providerTokens=N/A activeHttpPeak=0 httpRetries=0
Conventional run=22: concurrency=64 workers=64 success=64 failed=0 rps=522.8 avgWall=102.0ms p50=99.6ms p95=120.2ms p99=122.0 maxWall=122.4ms toolCalls/flow=9.0 estToolInputTokens=63 estToolOutputTokens=814 estContextLoadTokens=1184 providerTokens=N/A activeHttpPeak=0 httpRetries=0
Conventional run=23: concurrency=64 workers=64 success=64 failed=0 rps=563.3 avgWall=92.5ms p50=94.6ms p95=109.4ms p99=111.7 maxWall=113.6ms toolCalls/flow=9.0 estToolInputTokens=63 estToolOutputTokens=814 estContextLoadTokens=1184 providerTokens=N/A activeHttpPeak=0 httpRetries=0
Conventional run=24: concurrency=64 workers=64 success=64 failed=0 rps=518.6 avgWall=99.4ms p50=100.7ms p95=117.7ms p99=120.8 maxWall=123.4ms toolCalls/flow=9.0 estToolInputTokens=63 estToolOutputTokens=814 estContextLoadTokens=1184 providerTokens=N/A activeHttpPeak=0 httpRetries=0
Conventional run=25: concurrency=64 workers=64 success=64 failed=0 rps=527.6 avgWall=97.5ms p50=98.6ms p95=117.2ms p99=121.1 maxWall=121.3ms toolCalls/flow=9.0 estToolInputTokens=63 estToolOutputTokens=814 estContextLoadTokens=1184 providerTokens=N/A activeHttpPeak=0 httpRetries=0
Conventional run=26: concurrency=64 workers=64 success=64 failed=0 rps=567.1 avgWall=93.3ms p50=95.2ms p95=106.9ms p99=109.6 maxWall=112.9ms toolCalls/flow=9.0 estToolInputTokens=63 estToolOutputTokens=814 estContextLoadTokens=1184 providerTokens=N/A activeHttpPeak=0 httpRetries=0
Conventional run=27: concurrency=64 workers=64 success=64 failed=0 rps=500.8 avgWall=102.7ms p50=101.8ms p95=123.5ms p99=126.6 maxWall=127.8ms toolCalls/flow=9.0 estToolInputTokens=63 estToolOutputTokens=814 estContextLoadTokens=1184 providerTokens=N/A activeHttpPeak=0 httpRetries=0
Conventional run=28: concurrency=64 workers=64 success=64 failed=0 rps=606.6 avgWall=85.9ms p50=88.8ms p95=102.2ms p99=104.1 maxWall=105.5ms toolCalls/flow=9.0 estToolInputTokens=63 estToolOutputTokens=814 estContextLoadTokens=1184 providerTokens=N/A activeHttpPeak=0 httpRetries=0
Conventional run=29: concurrency=64 workers=64 success=64 failed=0 rps=471.8 avgWall=109.9ms p50=113.3ms p95=129.8ms p99=135.1 maxWall=135.6ms toolCalls/flow=9.0 estToolInputTokens=63 estToolOutputTokens=814 estContextLoadTokens=1184 providerTokens=N/A activeHttpPeak=0 httpRetries=0
Conventional run=30: concurrency=64 workers=64 success=64 failed=0 rps=489.0 avgWall=108.8ms p50=114.5ms p95=129.5ms p99=130.7 maxWall=130.9ms toolCalls/flow=9.0 estToolInputTokens=63 estToolOutputTokens=814 estContextLoadTokens=1184 providerTokens=N/A activeHttpPeak=0 httpRetries=0
Foundgine run=1: concurrency=64 workers=64 success=0 failed=64 rps=0.0 avgWall=7.8ms p50=0.0ms p95=0.0ms p99=0.0 maxWall=15.8ms toolCalls/flow=1.0 estToolInputTokens=1 estToolOutputTokens=42 estContextLoadTokens=357 providerTokens=N/A activeHttpPeak=44 httpRetries=0
  error=HttpRequest count=64 sample="Response status code does not indicate success: 400 (Bad Request)."
Foundgine run=2: concurrency=64 workers=64 success=0 failed=64 rps=0.0 avgWall=10.0ms p50=0.0ms p95=0.0ms p99=0.0 maxWall=15.7ms toolCalls/flow=1.0 estToolInputTokens=1 estToolOutputTokens=42 estContextLoadTokens=357 providerTokens=N/A activeHttpPeak=60 httpRetries=0
  error=HttpRequest count=64 sample="Response status code does not indicate success: 400 (Bad Request)."
Foundgine run=3: concurrency=64 workers=64 success=0 failed=64 rps=0.0 avgWall=13.0ms p50=0.0ms p95=0.0ms p99=0.0 maxWall=18.9ms toolCalls/flow=1.0 estToolInputTokens=1 estToolOutputTokens=42 estContextLoadTokens=357 providerTokens=N/A activeHttpPeak=64 httpRetries=0
  error=HttpRequest count=64 sample="Response status code does not indicate success: 400 (Bad Request)."
Foundgine run=4: concurrency=64 workers=64 success=0 failed=64 rps=0.0 avgWall=4.8ms p50=0.0ms p95=0.0ms p99=0.0 maxWall=7.0ms toolCalls/flow=1.0 estToolInputTokens=1 estToolOutputTokens=42 estContextLoadTokens=357 providerTokens=N/A activeHttpPeak=48 httpRetries=0
  error=HttpRequest count=64 sample="Response status code does not indicate success: 400 (Bad Request)."
Foundgine run=5: concurrency=64 workers=64 success=0 failed=64 rps=0.0 avgWall=6.2ms p50=0.0ms p95=0.0ms p99=0.0 maxWall=10.5ms toolCalls/flow=1.0 estToolInputTokens=1 estToolOutputTokens=42 estContextLoadTokens=357 providerTokens=N/A activeHttpPeak=64 httpRetries=0
  error=HttpRequest count=64 sample="Response status code does not indicate success: 400 (Bad Request)."
Foundgine run=6: concurrency=64 workers=64 success=0 failed=64 rps=0.0 avgWall=7.6ms p50=0.0ms p95=0.0ms p99=0.0 maxWall=13.7ms toolCalls/flow=1.0 estToolInputTokens=1 estToolOutputTokens=42 estContextLoadTokens=357 providerTokens=N/A activeHttpPeak=49 httpRetries=0
  error=HttpRequest count=64 sample="Response status code does not indicate success: 400 (Bad Request)."
Foundgine run=7: concurrency=64 workers=64 success=0 failed=64 rps=0.0 avgWall=6.1ms p50=0.0ms p95=0.0ms p99=0.0 maxWall=9.5ms toolCalls/flow=1.0 estToolInputTokens=1 estToolOutputTokens=42 estContextLoadTokens=357 providerTokens=N/A activeHttpPeak=61 httpRetries=0
  error=HttpRequest count=64 sample="Response status code does not indicate success: 400 (Bad Request)."
Foundgine run=8: concurrency=64 workers=64 success=0 failed=64 rps=0.0 avgWall=5.9ms p50=0.0ms p95=0.0ms p99=0.0 maxWall=12.7ms toolCalls/flow=1.0 estToolInputTokens=1 estToolOutputTokens=42 estContextLoadTokens=357 providerTokens=N/A activeHttpPeak=60 httpRetries=0
  error=HttpRequest count=64 sample="Response status code does not indicate success: 400 (Bad Request)."
Foundgine run=9: concurrency=64 workers=64 success=0 failed=64 rps=0.0 avgWall=7.1ms p50=0.0ms p95=0.0ms p99=0.0 maxWall=13.1ms toolCalls/flow=1.0 estToolInputTokens=1 estToolOutputTokens=42 estContextLoadTokens=357 providerTokens=N/A activeHttpPeak=55 httpRetries=0
  error=HttpRequest count=64 sample="Response status code does not indicate success: 400 (Bad Request)."
Foundgine run=10: concurrency=64 workers=64 success=0 failed=64 rps=0.0 avgWall=7.0ms p50=0.0ms p95=0.0ms p99=0.0 maxWall=11.1ms toolCalls/flow=1.0 estToolInputTokens=1 estToolOutputTokens=42 estContextLoadTokens=357 providerTokens=N/A activeHttpPeak=55 httpRetries=0
  error=HttpRequest count=64 sample="Response status code does not indicate success: 400 (Bad Request)."
Foundgine run=11: concurrency=64 workers=64 success=0 failed=64 rps=0.0 avgWall=7.3ms p50=0.0ms p95=0.0ms p99=0.0 maxWall=11.8ms toolCalls/flow=1.0 estToolInputTokens=1 estToolOutputTokens=42 estContextLoadTokens=357 providerTokens=N/A activeHttpPeak=48 httpRetries=0
  error=HttpRequest count=64 sample="Response status code does not indicate success: 400 (Bad Request)."
Foundgine run=12: concurrency=64 workers=64 success=0 failed=64 rps=0.0 avgWall=6.5ms p50=0.0ms p95=0.0ms p99=0.0 maxWall=12.2ms toolCalls/flow=1.0 estToolInputTokens=1 estToolOutputTokens=42 estContextLoadTokens=357 providerTokens=N/A activeHttpPeak=42 httpRetries=0
  error=HttpRequest count=64 sample="Response status code does not indicate success: 400 (Bad Request)."
Foundgine run=13: concurrency=64 workers=64 success=0 failed=64 rps=0.0 avgWall=10.3ms p50=0.0ms p95=0.0ms p99=0.0 maxWall=16.4ms toolCalls/flow=1.0 estToolInputTokens=1 estToolOutputTokens=42 estContextLoadTokens=357 providerTokens=N/A activeHttpPeak=64 httpRetries=0
  error=HttpRequest count=64 sample="Response status code does not indicate success: 400 (Bad Request)."
Foundgine run=14: concurrency=64 workers=64 success=0 failed=64 rps=0.0 avgWall=3.5ms p50=0.0ms p95=0.0ms p99=0.0 maxWall=5.5ms toolCalls/flow=1.0 estToolInputTokens=1 estToolOutputTokens=42 estContextLoadTokens=357 providerTokens=N/A activeHttpPeak=60 httpRetries=0
  error=HttpRequest count=64 sample="Response status code does not indicate success: 400 (Bad Request)."
Foundgine run=15: concurrency=64 workers=64 success=0 failed=64 rps=0.0 avgWall=6.3ms p50=0.0ms p95=0.0ms p99=0.0 maxWall=8.4ms toolCalls/flow=1.0 estToolInputTokens=1 estToolOutputTokens=42 estContextLoadTokens=357 providerTokens=N/A activeHttpPeak=58 httpRetries=0
  error=HttpRequest count=64 sample="Response status code does not indicate success: 400 (Bad Request)."
Foundgine run=16: concurrency=64 workers=64 success=0 failed=64 rps=0.0 avgWall=3.7ms p50=0.0ms p95=0.0ms p99=0.0 maxWall=6.1ms toolCalls/flow=1.0 estToolInputTokens=1 estToolOutputTokens=42 estContextLoadTokens=357 providerTokens=N/A activeHttpPeak=55 httpRetries=0
  error=HttpRequest count=64 sample="Response status code does not indicate success: 400 (Bad Request)."
Foundgine run=17: concurrency=64 workers=64 success=0 failed=64 rps=0.0 avgWall=4.6ms p50=0.0ms p95=0.0ms p99=0.0 maxWall=8.1ms toolCalls/flow=1.0 estToolInputTokens=1 estToolOutputTokens=42 estContextLoadTokens=357 providerTokens=N/A activeHttpPeak=52 httpRetries=0
  error=HttpRequest count=64 sample="Response status code does not indicate success: 400 (Bad Request)."
Foundgine run=18: concurrency=64 workers=64 success=0 failed=64 rps=0.0 avgWall=2.9ms p50=0.0ms p95=0.0ms p99=0.0 maxWall=5.6ms toolCalls/flow=1.0 estToolInputTokens=1 estToolOutputTokens=42 estContextLoadTokens=357 providerTokens=N/A activeHttpPeak=45 httpRetries=0
  error=HttpRequest count=64 sample="Response status code does not indicate success: 400 (Bad Request)."
Foundgine run=19: concurrency=64 workers=64 success=0 failed=64 rps=0.0 avgWall=3.0ms p50=0.0ms p95=0.0ms p99=0.0 maxWall=7.4ms toolCalls/flow=1.0 estToolInputTokens=1 estToolOutputTokens=42 estContextLoadTokens=357 providerTokens=N/A activeHttpPeak=35 httpRetries=0
  error=HttpRequest count=64 sample="Response status code does not indicate success: 400 (Bad Request)."
Foundgine run=20: concurrency=64 workers=64 success=0 failed=64 rps=0.0 avgWall=4.7ms p50=0.0ms p95=0.0ms p99=0.0 maxWall=8.3ms toolCalls/flow=1.0 estToolInputTokens=1 estToolOutputTokens=42 estContextLoadTokens=357 providerTokens=N/A activeHttpPeak=47 httpRetries=0
  error=HttpRequest count=64 sample="Response status code does not indicate success: 400 (Bad Request)."
Foundgine run=21: concurrency=64 workers=64 success=0 failed=64 rps=0.0 avgWall=2.4ms p50=0.0ms p95=0.0ms p99=0.0 maxWall=5.0ms toolCalls/flow=1.0 estToolInputTokens=1 estToolOutputTokens=42 estContextLoadTokens=357 providerTokens=N/A activeHttpPeak=24 httpRetries=0
  error=HttpRequest count=64 sample="Response status code does not indicate success: 400 (Bad Request)."
Foundgine run=22: concurrency=64 workers=64 success=0 failed=64 rps=0.0 avgWall=2.4ms p50=0.0ms p95=0.0ms p99=0.0 maxWall=4.5ms toolCalls/flow=1.0 estToolInputTokens=1 estToolOutputTokens=42 estContextLoadTokens=357 providerTokens=N/A activeHttpPeak=32 httpRetries=0
  error=HttpRequest count=64 sample="Response status code does not indicate success: 400 (Bad Request)."
Foundgine run=23: concurrency=64 workers=64 success=0 failed=64 rps=0.0 avgWall=5.8ms p50=0.0ms p95=0.0ms p99=0.0 maxWall=8.9ms toolCalls/flow=1.0 estToolInputTokens=1 estToolOutputTokens=42 estContextLoadTokens=357 providerTokens=N/A activeHttpPeak=54 httpRetries=0
  error=HttpRequest count=64 sample="Response status code does not indicate success: 400 (Bad Request)."
Foundgine run=24: concurrency=64 workers=64 success=0 failed=64 rps=0.0 avgWall=3.0ms p50=0.0ms p95=0.0ms p99=0.0 maxWall=6.2ms toolCalls/flow=1.0 estToolInputTokens=1 estToolOutputTokens=42 estContextLoadTokens=357 providerTokens=N/A activeHttpPeak=33 httpRetries=0
  error=HttpRequest count=64 sample="Response status code does not indicate success: 400 (Bad Request)."
Foundgine run=25: concurrency=64 workers=64 success=0 failed=64 rps=0.0 avgWall=3.5ms p50=0.0ms p95=0.0ms p99=0.0 maxWall=5.3ms toolCalls/flow=1.0 estToolInputTokens=1 estToolOutputTokens=42 estContextLoadTokens=357 providerTokens=N/A activeHttpPeak=49 httpRetries=0
  error=HttpRequest count=64 sample="Response status code does not indicate success: 400 (Bad Request)."
Foundgine run=26: concurrency=64 workers=64 success=0 failed=64 rps=0.0 avgWall=6.1ms p50=0.0ms p95=0.0ms p99=0.0 maxWall=8.5ms toolCalls/flow=1.0 estToolInputTokens=1 estToolOutputTokens=42 estContextLoadTokens=357 providerTokens=N/A activeHttpPeak=64 httpRetries=0
  error=HttpRequest count=64 sample="Response status code does not indicate success: 400 (Bad Request)."
Foundgine run=27: concurrency=64 workers=64 success=0 failed=64 rps=0.0 avgWall=6.2ms p50=0.0ms p95=0.0ms p99=0.0 maxWall=8.7ms toolCalls/flow=1.0 estToolInputTokens=1 estToolOutputTokens=42 estContextLoadTokens=357 providerTokens=N/A activeHttpPeak=55 httpRetries=0
  error=HttpRequest count=64 sample="Response status code does not indicate success: 400 (Bad Request)."
Foundgine run=28: concurrency=64 workers=64 success=0 failed=64 rps=0.0 avgWall=7.8ms p50=0.0ms p95=0.0ms p99=0.0 maxWall=11.9ms toolCalls/flow=1.0 estToolInputTokens=1 estToolOutputTokens=42 estContextLoadTokens=357 providerTokens=N/A activeHttpPeak=60 httpRetries=0
  error=HttpRequest count=64 sample="Response status code does not indicate success: 400 (Bad Request)."
Foundgine run=29: concurrency=64 workers=64 success=0 failed=64 rps=0.0 avgWall=5.0ms p50=0.0ms p95=0.0ms p99=0.0 maxWall=9.2ms toolCalls/flow=1.0 estToolInputTokens=1 estToolOutputTokens=42 estContextLoadTokens=357 providerTokens=N/A activeHttpPeak=61 httpRetries=0
  error=HttpRequest count=64 sample="Response status code does not indicate success: 400 (Bad Request)."
Foundgine run=30: concurrency=64 workers=64 success=0 failed=64 rps=0.0 avgWall=5.2ms p50=0.0ms p95=0.0ms p99=0.0 maxWall=8.1ms toolCalls/flow=1.0 estToolInputTokens=1 estToolOutputTokens=42 estContextLoadTokens=357 providerTokens=N/A activeHttpPeak=55 httpRetries=0
  error=HttpRequest count=64 sample="Response status code does not indicate success: 400 (Bad Request)."

Concurrency: 64
Estimated context-load saving: 69.9%
Estimated tokens/run â?" Conventional: input=63, output=814, context=1184
Estimated tokens/run â?" Foundgine:    input=1, output=42, context=357
Provider input-token saving: N/A â?" replay mode
Provider total-token saving: N/A â?" replay mode
Agent/tool round-trip saving: 88.9%
Agent/tool payload saving: 95.2%
Tool-call saving: 88.9%
Expected final state verified: False
Verification failures: 1920
Expected state: C:\Foundgine\benchmarks\AgentEndToEnd\Run2\artifacts\00100-customers\concurrency-064\expected-state.json
Reports: C:\Foundgine\benchmarks\AgentEndToEnd\Run2\artifacts\00100-customers\concurrency-064\agent-benchmark.json; C:\Foundgine\benchmarks\AgentEndToEnd\Run2\artifacts\00100-customers\concurrency-064\agent-benchmark.md
Removing benchmark containers and PostgreSQL volume...
Starting PostgreSQL 17 benchmark container on host port 52435...
 Network foundgine-agent-e2e_default Creating 
 Network foundgine-agent-e2e_default Created 
 Volume foundgine-agent-e2e_agent-e2e-postgres-data Creating 
 Volume foundgine-agent-e2e_agent-e2e-postgres-data Created 
 Container foundgine-agent-e2e-postgres-1 Creating 
 Container foundgine-agent-e2e-postgres-1 Created 
 Container foundgine-agent-e2e-postgres-1 Starting 
 Container foundgine-agent-e2e-postgres-1 Started 
Waiting for PostgreSQL...
Seeding fixture: 1000 customers ...
Seeding 1,000 customers, 4,000 relationships, 12,000 contracts and 48,000 transactions...
Seeded: 1,000 customers, 4,000 relationships, 12,000 contracts, 48,000 transactions.
Benchmark graph for Customer 1: 4 relationships -> 12 contracts -> 48 transactions.
Customer 1 is the deterministic benchmark target.
Building and starting Foundgine warm benchmark API...
 Image foundgine-agent-e2e-foundgine-warm Building 
#1 [internal] load local bake definitions
#1 reading from stdin 612B done
#1 DONE 0.0s

#2 [internal] load build definition from Dockerfile
#2 transferring dockerfile: 1.18kB done
#2 DONE 0.0s

#3 [internal] load metadata for mcr.microsoft.com/dotnet/aspnet:9.0
#3 DONE 0.2s

#4 [internal] load metadata for mcr.microsoft.com/dotnet/sdk:9.0
#4 DONE 0.2s

#5 [internal] load .dockerignore
#5 transferring context: 2B done
#5 DONE 0.0s

#6 [build 1/5] FROM mcr.microsoft.com/dotnet/sdk:9.0@sha256:f190d2dd9eef2899c91ac323caa0bd2b39334a5400ba93013e5199da39dad940
#6 resolve mcr.microsoft.com/dotnet/sdk:9.0@sha256:f190d2dd9eef2899c91ac323caa0bd2b39334a5400ba93013e5199da39dad940 0.0s done
#6 DONE 0.0s

#7 [stage-1 1/4] FROM mcr.microsoft.com/dotnet/aspnet:9.0@sha256:b1201ee0ccf9a22c06844982296c1be40d5ff9c7685dc002729f204e63fb1730
#7 resolve mcr.microsoft.com/dotnet/aspnet:9.0@sha256:b1201ee0ccf9a22c06844982296c1be40d5ff9c7685dc002729f204e63fb1730 0.0s done
#7 DONE 0.0s

#8 [internal] load build context
#8 transferring context: 24.47MB 0.3s done
#8 DONE 0.3s

#9 [build 2/5] WORKDIR /src
#9 CACHED

#10 [build 3/5] COPY . .
#10 DONE 1.0s

#11 [build 4/5] RUN dotnet restore     benchmarks/CoffeeBeanery.Performance/Foundgine.CoffeeBeanery.BenchmarkApi/Foundgine.CoffeeBeanery.BenchmarkApi.csproj
#11 0.617   Determining projects to restore...
#11 1.595   Restored /src/src/Foundgine.Execution/Foundgine.Execution.csproj (in 117 ms).
#11 1.595   Restored /src/src/Foundgine.Metadata/Foundgine.Metadata.csproj (in 116 ms).
#11 1.595   Restored /src/src/Foundgine.Semantics/Foundgine.Semantics.csproj (in 116 ms).
#11 1.595   Restored /src/src/Foundgine.Planning/Foundgine.Planning.csproj (in 116 ms).
#11 1.595   Restored /src/src/Foundgine.Abstractions/Foundgine.Abstractions.csproj (in 105 ms).
#11 3.542   Restored /src/src/Foundgine/Foundgine.csproj (in 2.09 sec).
#11 3.542   Restored /src/src/Foundgine.Sql/Foundgine.Sql.csproj (in 1.94 sec).
#11 3.549   Restored /src/src/Foundgine.GraphQL.HotChocolate/Foundgine.GraphQL.HotChocolate.csproj (in 1.95 sec).
#11 3.549   Restored /src/benchmarks/CoffeeBeanery.Performance/Foundgine.CoffeeBeanery.BenchmarkApi/Foundgine.CoffeeBeanery.BenchmarkApi.csproj (in 2.1 sec).
#11 3.549   Restored /src/src/Foundgine.GraphQL.HotChocolate.Mutations/Foundgine.GraphQL.HotChocolate.Mutations.csproj (in 2.1 sec).
#11 DONE 3.7s

#12 [build 5/5] RUN dotnet publish     benchmarks/CoffeeBeanery.Performance/Foundgine.CoffeeBeanery.BenchmarkApi/Foundgine.CoffeeBeanery.BenchmarkApi.csproj     -c Release     -o /app/publish
#12 0.973   Determining projects to restore...
#12 1.913   All projects are up-to-date for restore.
#12 4.977   Foundgine.Abstractions -> /src/src/Foundgine.Abstractions/bin/Release/net9.0/Foundgine.Abstractions.dll
#12 6.675   Foundgine.Semantics -> /src/src/Foundgine.Semantics/bin/Release/net9.0/Foundgine.Semantics.dll
#12 7.174   Foundgine.Metadata -> /src/src/Foundgine.Metadata/bin/Release/net9.0/Foundgine.Metadata.dll
#12 7.386   Foundgine.Planning -> /src/src/Foundgine.Planning/bin/Release/net9.0/Foundgine.Planning.dll
#12 7.991   Foundgine.Execution -> /src/src/Foundgine.Execution/bin/Release/net9.0/Foundgine.Execution.dll
#12 8.466   Foundgine -> /src/src/Foundgine/bin/Release/net9.0/Foundgine.dll
#12 8.912   Foundgine.Sql -> /src/src/Foundgine.Sql/bin/Release/net9.0/Foundgine.Sql.dll
#12 9.065   Foundgine.GraphQL.HotChocolate -> /src/src/Foundgine.GraphQL.HotChocolate/bin/Release/net9.0/Foundgine.GraphQL.HotChocolate.dll
#12 9.553   Foundgine.GraphQL.HotChocolate.Mutations -> /src/src/Foundgine.GraphQL.HotChocolate.Mutations/bin/Release/net9.0/Foundgine.GraphQL.HotChocolate.Mutations.dll
#12 10.56   Foundgine.CoffeeBeanery.BenchmarkApi -> /src/benchmarks/CoffeeBeanery.Performance/Foundgine.CoffeeBeanery.BenchmarkApi/bin/Release/net9.0/Foundgine.CoffeeBeanery.BenchmarkApi.dll
#12 10.62   Foundgine.CoffeeBeanery.BenchmarkApi -> /app/publish/
#12 DONE 10.7s

#13 [stage-1 2/4] RUN apt-get update     && apt-get install -y --no-install-recommends curl     && rm -rf /var/lib/apt/lists/*
#13 CACHED

#14 [stage-1 3/4] WORKDIR /app
#14 CACHED

#15 [stage-1 4/4] COPY --from=build /app/publish .
#15 CACHED

#16 exporting to image
#16 exporting layers done
#16 exporting manifest sha256:3fdb7cd0bf7564dd495819c9cc8607a7be6139d8683037595e3f7fe34a7854eb done
#16 exporting config sha256:1771bebcaf20ba60a3c52af83e0cddcf01896622e5c8c7395aa2c8a5307a8b41 done
#16 exporting attestation manifest sha256:4c60ea89367957a5df55f68fc888797c370cb00b0eb636a2c2a78b879683e351 0.0s done
#16 exporting manifest list sha256:bd4ac83fb2c7ca5eb578dcf0ae83718ad579f66fd31e1494e9a7e5d261334ef2 0.0s done
#16 naming to docker.io/library/foundgine-agent-e2e-foundgine-warm:latest
#16 naming to docker.io/library/foundgine-agent-e2e-foundgine-warm:latest done
#16 unpacking to docker.io/library/foundgine-agent-e2e-foundgine-warm:latest 0.0s done
#16 DONE 0.1s

#17 resolving provenance for metadata file
#17 DONE 0.0s
 Image foundgine-agent-e2e-foundgine-warm Built 
 Container foundgine-agent-e2e-foundgine-warm-1 Creating 
 Container foundgine-agent-e2e-foundgine-warm-1 Created 
 Container foundgine-agent-e2e-foundgine-warm-1 Starting 
 Container foundgine-agent-e2e-foundgine-warm-1 Started 
Waiting for http://localhost:4302/health/ready ...

>>> Concurrency tier: 64

============================================
 Agent benchmark: 1000 customers / 30 runs
============================================
Scenario: customer-exposure-review-query-mutation-query-mutation
Mode: replay; concurrency=64; warmups=5; runs=30; fixtureCustomer=1
Fixture: relationships=4, contracts=12, transactions=48, exposure=48,240.00
Conventional run=1: concurrency=64 workers=64 success=64 failed=0 rps=647.4 avgWall=81.8ms p50=86.1ms p95=96.0ms p99=98.3 maxWall=98.9ms toolCalls/flow=9.0 estToolInputTokens=63 estToolOutputTokens=814 estContextLoadTokens=1184 providerTokens=N/A activeHttpPeak=0 httpRetries=0
Conventional run=2: concurrency=64 workers=64 success=64 failed=0 rps=642.9 avgWall=79.1ms p50=79.4ms p95=96.1ms p99=97.6 maxWall=99.6ms toolCalls/flow=9.0 estToolInputTokens=63 estToolOutputTokens=814 estContextLoadTokens=1184 providerTokens=N/A activeHttpPeak=0 httpRetries=0
Conventional run=3: concurrency=64 workers=64 success=64 failed=0 rps=619.9 avgWall=85.1ms p50=85.9ms p95=100.6ms p99=102.8 maxWall=103.2ms toolCalls/flow=9.0 estToolInputTokens=63 estToolOutputTokens=814 estContextLoadTokens=1184 providerTokens=N/A activeHttpPeak=0 httpRetries=0
Conventional run=4: concurrency=64 workers=64 success=64 failed=0 rps=692.2 avgWall=77.4ms p50=79.2ms p95=90.0ms p99=91.4 maxWall=92.5ms toolCalls/flow=9.0 estToolInputTokens=63 estToolOutputTokens=814 estContextLoadTokens=1184 providerTokens=N/A activeHttpPeak=0 httpRetries=0
Conventional run=5: concurrency=64 workers=64 success=64 failed=0 rps=670.1 avgWall=78.2ms p50=80.1ms p95=94.2ms p99=95.4 maxWall=95.5ms toolCalls/flow=9.0 estToolInputTokens=63 estToolOutputTokens=814 estContextLoadTokens=1184 providerTokens=N/A activeHttpPeak=0 httpRetries=0
Conventional run=6: concurrency=64 workers=64 success=64 failed=0 rps=657.0 avgWall=83.3ms p50=84.3ms p95=94.5ms p99=96.5 maxWall=97.4ms toolCalls/flow=9.0 estToolInputTokens=63 estToolOutputTokens=814 estContextLoadTokens=1184 providerTokens=N/A activeHttpPeak=0 httpRetries=0
Conventional run=7: concurrency=64 workers=64 success=64 failed=0 rps=605.0 avgWall=84.9ms p50=85.3ms p95=102.6ms p99=105.7 maxWall=105.8ms toolCalls/flow=9.0 estToolInputTokens=63 estToolOutputTokens=814 estContextLoadTokens=1184 providerTokens=N/A activeHttpPeak=0 httpRetries=0
Conventional run=8: concurrency=64 workers=64 success=64 failed=0 rps=677.6 avgWall=78.4ms p50=78.7ms p95=91.6ms p99=94.2 maxWall=94.5ms toolCalls/flow=9.0 estToolInputTokens=63 estToolOutputTokens=814 estContextLoadTokens=1184 providerTokens=N/A activeHttpPeak=0 httpRetries=0
Conventional run=9: concurrency=64 workers=64 success=64 failed=0 rps=681.5 avgWall=76.7ms p50=79.1ms p95=90.3ms p99=93.8 maxWall=93.9ms toolCalls/flow=9.0 estToolInputTokens=63 estToolOutputTokens=814 estContextLoadTokens=1184 providerTokens=N/A activeHttpPeak=0 httpRetries=0
Conventional run=10: concurrency=64 workers=64 success=64 failed=0 rps=722.8 avgWall=75.0ms p50=77.9ms p95=86.6ms p99=88.2 maxWall=88.5ms toolCalls/flow=9.0 estToolInputTokens=63 estToolOutputTokens=814 estContextLoadTokens=1184 providerTokens=N/A activeHttpPeak=0 httpRetries=0
Conventional run=11: concurrency=64 workers=64 success=64 failed=0 rps=695.0 avgWall=73.7ms p50=73.7ms p95=89.6ms p99=91.6 maxWall=92.1ms toolCalls/flow=9.0 estToolInputTokens=63 estToolOutputTokens=814 estContextLoadTokens=1184 providerTokens=N/A activeHttpPeak=0 httpRetries=0
Conventional run=12: concurrency=64 workers=64 success=64 failed=0 rps=688.5 avgWall=76.7ms p50=78.2ms p95=88.6ms p99=92.1 maxWall=92.9ms toolCalls/flow=9.0 estToolInputTokens=63 estToolOutputTokens=814 estContextLoadTokens=1184 providerTokens=N/A activeHttpPeak=0 httpRetries=0
Conventional run=13: concurrency=64 workers=64 success=64 failed=0 rps=678.2 avgWall=78.3ms p50=79.2ms p95=92.2ms p99=93.5 maxWall=94.4ms toolCalls/flow=9.0 estToolInputTokens=63 estToolOutputTokens=814 estContextLoadTokens=1184 providerTokens=N/A activeHttpPeak=0 httpRetries=0
Conventional run=14: concurrency=64 workers=64 success=64 failed=0 rps=673.5 avgWall=79.6ms p50=83.5ms p95=93.0ms p99=94.0 maxWall=95.0ms toolCalls/flow=9.0 estToolInputTokens=63 estToolOutputTokens=814 estContextLoadTokens=1184 providerTokens=N/A activeHttpPeak=0 httpRetries=0
Conventional run=15: concurrency=64 workers=64 success=64 failed=0 rps=726.3 avgWall=72.4ms p50=72.9ms p95=84.6ms p99=88.0 maxWall=88.1ms toolCalls/flow=9.0 estToolInputTokens=63 estToolOutputTokens=814 estContextLoadTokens=1184 providerTokens=N/A activeHttpPeak=0 httpRetries=0
Conventional run=16: concurrency=64 workers=64 success=64 failed=0 rps=718.0 avgWall=74.8ms p50=76.2ms p95=86.8ms p99=88.6 maxWall=89.1ms toolCalls/flow=9.0 estToolInputTokens=63 estToolOutputTokens=814 estContextLoadTokens=1184 providerTokens=N/A activeHttpPeak=0 httpRetries=0
Conventional run=17: concurrency=64 workers=64 success=64 failed=0 rps=573.0 avgWall=90.3ms p50=94.9ms p95=108.0ms p99=110.6 maxWall=111.7ms toolCalls/flow=9.0 estToolInputTokens=63 estToolOutputTokens=814 estContextLoadTokens=1184 providerTokens=N/A activeHttpPeak=0 httpRetries=0
Conventional run=18: concurrency=64 workers=64 success=64 failed=0 rps=697.6 avgWall=75.7ms p50=77.5ms p95=89.0ms p99=91.6 maxWall=91.7ms toolCalls/flow=9.0 estToolInputTokens=63 estToolOutputTokens=814 estContextLoadTokens=1184 providerTokens=N/A activeHttpPeak=0 httpRetries=0
Conventional run=19: concurrency=64 workers=64 success=64 failed=0 rps=694.2 avgWall=78.2ms p50=80.2ms p95=87.9ms p99=90.7 maxWall=92.2ms toolCalls/flow=9.0 estToolInputTokens=63 estToolOutputTokens=814 estContextLoadTokens=1184 providerTokens=N/A activeHttpPeak=0 httpRetries=0
Conventional run=20: concurrency=64 workers=64 success=64 failed=0 rps=706.2 avgWall=75.1ms p50=75.9ms p95=88.3ms p99=89.7 maxWall=90.6ms toolCalls/flow=9.0 estToolInputTokens=63 estToolOutputTokens=814 estContextLoadTokens=1184 providerTokens=N/A activeHttpPeak=0 httpRetries=0
Conventional run=21: concurrency=64 workers=64 success=64 failed=0 rps=695.2 avgWall=75.0ms p50=74.7ms p95=88.1ms p99=89.8 maxWall=92.1ms toolCalls/flow=9.0 estToolInputTokens=63 estToolOutputTokens=814 estContextLoadTokens=1184 providerTokens=N/A activeHttpPeak=0 httpRetries=0
Conventional run=22: concurrency=64 workers=64 success=64 failed=0 rps=705.1 avgWall=77.0ms p50=78.6ms p95=87.9ms p99=90.1 maxWall=90.8ms toolCalls/flow=9.0 estToolInputTokens=63 estToolOutputTokens=814 estContextLoadTokens=1184 providerTokens=N/A activeHttpPeak=0 httpRetries=0
Conventional run=23: concurrency=64 workers=64 success=64 failed=0 rps=695.5 avgWall=79.2ms p50=81.1ms p95=89.5ms p99=91.3 maxWall=92.0ms toolCalls/flow=9.0 estToolInputTokens=63 estToolOutputTokens=814 estContextLoadTokens=1184 providerTokens=N/A activeHttpPeak=0 httpRetries=0
Conventional run=24: concurrency=64 workers=64 success=64 failed=0 rps=653.6 avgWall=85.0ms p50=87.5ms p95=95.6ms p99=97.7 maxWall=97.9ms toolCalls/flow=9.0 estToolInputTokens=63 estToolOutputTokens=814 estContextLoadTokens=1184 providerTokens=N/A activeHttpPeak=0 httpRetries=0
Conventional run=25: concurrency=64 workers=64 success=64 failed=0 rps=652.8 avgWall=80.8ms p50=85.8ms p95=97.2ms p99=97.9 maxWall=98.0ms toolCalls/flow=9.0 estToolInputTokens=63 estToolOutputTokens=814 estContextLoadTokens=1184 providerTokens=N/A activeHttpPeak=0 httpRetries=0
Conventional run=26: concurrency=64 workers=64 success=64 failed=0 rps=680.4 avgWall=78.4ms p50=78.2ms p95=91.9ms p99=94.1 maxWall=94.1ms toolCalls/flow=9.0 estToolInputTokens=63 estToolOutputTokens=814 estContextLoadTokens=1184 providerTokens=N/A activeHttpPeak=0 httpRetries=0
Conventional run=27: concurrency=64 workers=64 success=64 failed=0 rps=621.9 avgWall=87.8ms p50=88.9ms p95=101.8ms p99=102.8 maxWall=102.9ms toolCalls/flow=9.0 estToolInputTokens=63 estToolOutputTokens=814 estContextLoadTokens=1184 providerTokens=N/A activeHttpPeak=0 httpRetries=0
Conventional run=28: concurrency=64 workers=64 success=64 failed=0 rps=677.9 avgWall=78.8ms p50=82.3ms p95=91.4ms p99=93.7 maxWall=94.4ms toolCalls/flow=9.0 estToolInputTokens=63 estToolOutputTokens=814 estContextLoadTokens=1184 providerTokens=N/A activeHttpPeak=0 httpRetries=0
Conventional run=29: concurrency=64 workers=64 success=64 failed=0 rps=653.6 avgWall=78.1ms p50=79.3ms p95=96.4ms p99=97.5 maxWall=97.9ms toolCalls/flow=9.0 estToolInputTokens=63 estToolOutputTokens=814 estContextLoadTokens=1184 providerTokens=N/A activeHttpPeak=0 httpRetries=0
Conventional run=30: concurrency=64 workers=64 success=64 failed=0 rps=640.8 avgWall=84.4ms p50=85.1ms p95=94.3ms p99=97.7 maxWall=99.9ms toolCalls/flow=9.0 estToolInputTokens=63 estToolOutputTokens=814 estContextLoadTokens=1184 providerTokens=N/A activeHttpPeak=0 httpRetries=0
Foundgine run=1: concurrency=64 workers=64 success=0 failed=64 rps=0.0 avgWall=3.1ms p50=0.0ms p95=0.0ms p99=0.0 maxWall=5.1ms toolCalls/flow=1.0 estToolInputTokens=1 estToolOutputTokens=42 estContextLoadTokens=357 providerTokens=N/A activeHttpPeak=37 httpRetries=0
  error=HttpRequest count=64 sample="Response status code does not indicate success: 400 (Bad Request)."
Foundgine run=2: concurrency=64 workers=64 success=0 failed=64 rps=0.0 avgWall=2.9ms p50=0.0ms p95=0.0ms p99=0.0 maxWall=8.4ms toolCalls/flow=1.0 estToolInputTokens=1 estToolOutputTokens=42 estContextLoadTokens=357 providerTokens=N/A activeHttpPeak=50 httpRetries=0
  error=HttpRequest count=64 sample="Response status code does not indicate success: 400 (Bad Request)."
Foundgine run=3: concurrency=64 workers=64 success=0 failed=64 rps=0.0 avgWall=6.2ms p50=0.0ms p95=0.0ms p99=0.0 maxWall=9.9ms toolCalls/flow=1.0 estToolInputTokens=1 estToolOutputTokens=42 estContextLoadTokens=357 providerTokens=N/A activeHttpPeak=57 httpRetries=0
  error=HttpRequest count=64 sample="Response status code does not indicate success: 400 (Bad Request)."
Foundgine run=4: concurrency=64 workers=64 success=0 failed=64 rps=0.0 avgWall=3.8ms p50=0.0ms p95=0.0ms p99=0.0 maxWall=8.8ms toolCalls/flow=1.0 estToolInputTokens=1 estToolOutputTokens=42 estContextLoadTokens=357 providerTokens=N/A activeHttpPeak=64 httpRetries=0
  error=HttpRequest count=64 sample="Response status code does not indicate success: 400 (Bad Request)."
Foundgine run=5: concurrency=64 workers=64 success=0 failed=64 rps=0.0 avgWall=4.5ms p50=0.0ms p95=0.0ms p99=0.0 maxWall=6.7ms toolCalls/flow=1.0 estToolInputTokens=1 estToolOutputTokens=42 estContextLoadTokens=357 providerTokens=N/A activeHttpPeak=46 httpRetries=0
  error=HttpRequest count=64 sample="Response status code does not indicate success: 400 (Bad Request)."
Foundgine run=6: concurrency=64 workers=64 success=0 failed=64 rps=0.0 avgWall=3.1ms p50=0.0ms p95=0.0ms p99=0.0 maxWall=7.4ms toolCalls/flow=1.0 estToolInputTokens=1 estToolOutputTokens=42 estContextLoadTokens=357 providerTokens=N/A activeHttpPeak=44 httpRetries=0
  error=HttpRequest count=64 sample="Response status code does not indicate success: 400 (Bad Request)."
Foundgine run=7: concurrency=64 workers=64 success=0 failed=64 rps=0.0 avgWall=2.8ms p50=0.0ms p95=0.0ms p99=0.0 maxWall=4.6ms toolCalls/flow=1.0 estToolInputTokens=1 estToolOutputTokens=42 estContextLoadTokens=357 providerTokens=N/A activeHttpPeak=40 httpRetries=0
  error=HttpRequest count=64 sample="Response status code does not indicate success: 400 (Bad Request)."
Foundgine run=8: concurrency=64 workers=64 success=0 failed=64 rps=0.0 avgWall=5.9ms p50=0.0ms p95=0.0ms p99=0.0 maxWall=8.0ms toolCalls/flow=1.0 estToolInputTokens=1 estToolOutputTokens=42 estContextLoadTokens=357 providerTokens=N/A activeHttpPeak=56 httpRetries=0
  error=HttpRequest count=64 sample="Response status code does not indicate success: 400 (Bad Request)."
Foundgine run=9: concurrency=64 workers=64 success=0 failed=64 rps=0.0 avgWall=3.0ms p50=0.0ms p95=0.0ms p99=0.0 maxWall=6.5ms toolCalls/flow=1.0 estToolInputTokens=1 estToolOutputTokens=42 estContextLoadTokens=357 providerTokens=N/A activeHttpPeak=53 httpRetries=0
  error=HttpRequest count=64 sample="Response status code does not indicate success: 400 (Bad Request)."
Foundgine run=10: concurrency=64 workers=64 success=0 failed=64 rps=0.0 avgWall=2.6ms p50=0.0ms p95=0.0ms p99=0.0 maxWall=4.2ms toolCalls/flow=1.0 estToolInputTokens=1 estToolOutputTokens=42 estContextLoadTokens=357 providerTokens=N/A activeHttpPeak=33 httpRetries=0
  error=HttpRequest count=64 sample="Response status code does not indicate success: 400 (Bad Request)."
Foundgine run=11: concurrency=64 workers=64 success=0 failed=64 rps=0.0 avgWall=3.7ms p50=0.0ms p95=0.0ms p99=0.0 maxWall=6.7ms toolCalls/flow=1.0 estToolInputTokens=1 estToolOutputTokens=42 estContextLoadTokens=357 providerTokens=N/A activeHttpPeak=42 httpRetries=0
  error=HttpRequest count=64 sample="Response status code does not indicate success: 400 (Bad Request)."
Foundgine run=12: concurrency=64 workers=64 success=0 failed=64 rps=0.0 avgWall=2.7ms p50=0.0ms p95=0.0ms p99=0.0 maxWall=4.8ms toolCalls/flow=1.0 estToolInputTokens=1 estToolOutputTokens=42 estContextLoadTokens=357 providerTokens=N/A activeHttpPeak=44 httpRetries=0
  error=HttpRequest count=64 sample="Response status code does not indicate success: 400 (Bad Request)."
Foundgine run=13: concurrency=64 workers=64 success=0 failed=64 rps=0.0 avgWall=9.5ms p50=0.0ms p95=0.0ms p99=0.0 maxWall=16.1ms toolCalls/flow=1.0 estToolInputTokens=1 estToolOutputTokens=42 estContextLoadTokens=357 providerTokens=N/A activeHttpPeak=64 httpRetries=0
  error=HttpRequest count=64 sample="Response status code does not indicate success: 400 (Bad Request)."
Foundgine run=14: concurrency=64 workers=64 success=0 failed=64 rps=0.0 avgWall=4.3ms p50=0.0ms p95=0.0ms p99=0.0 maxWall=7.8ms toolCalls/flow=1.0 estToolInputTokens=1 estToolOutputTokens=42 estContextLoadTokens=357 providerTokens=N/A activeHttpPeak=53 httpRetries=0
  error=HttpRequest count=64 sample="Response status code does not indicate success: 400 (Bad Request)."
Foundgine run=15: concurrency=64 workers=64 success=0 failed=64 rps=0.0 avgWall=2.5ms p50=0.0ms p95=0.0ms p99=0.0 maxWall=4.2ms toolCalls/flow=1.0 estToolInputTokens=1 estToolOutputTokens=42 estContextLoadTokens=357 providerTokens=N/A activeHttpPeak=46 httpRetries=0
  error=HttpRequest count=64 sample="Response status code does not indicate success: 400 (Bad Request)."
Foundgine run=16: concurrency=64 workers=64 success=0 failed=64 rps=0.0 avgWall=3.5ms p50=0.0ms p95=0.0ms p99=0.0 maxWall=6.3ms toolCalls/flow=1.0 estToolInputTokens=1 estToolOutputTokens=42 estContextLoadTokens=357 providerTokens=N/A activeHttpPeak=54 httpRetries=0
  error=HttpRequest count=64 sample="Response status code does not indicate success: 400 (Bad Request)."
Foundgine run=17: concurrency=64 workers=64 success=0 failed=64 rps=0.0 avgWall=5.0ms p50=0.0ms p95=0.0ms p99=0.0 maxWall=8.0ms toolCalls/flow=1.0 estToolInputTokens=1 estToolOutputTokens=42 estContextLoadTokens=357 providerTokens=N/A activeHttpPeak=59 httpRetries=0
  error=HttpRequest count=64 sample="Response status code does not indicate success: 400 (Bad Request)."
Foundgine run=18: concurrency=64 workers=64 success=0 failed=64 rps=0.0 avgWall=3.4ms p50=0.0ms p95=0.0ms p99=0.0 maxWall=5.5ms toolCalls/flow=1.0 estToolInputTokens=1 estToolOutputTokens=42 estContextLoadTokens=357 providerTokens=N/A activeHttpPeak=56 httpRetries=0
  error=HttpRequest count=64 sample="Response status code does not indicate success: 400 (Bad Request)."
Foundgine run=19: concurrency=64 workers=64 success=0 failed=64 rps=0.0 avgWall=3.7ms p50=0.0ms p95=0.0ms p99=0.0 maxWall=8.0ms toolCalls/flow=1.0 estToolInputTokens=1 estToolOutputTokens=42 estContextLoadTokens=357 providerTokens=N/A activeHttpPeak=54 httpRetries=0
  error=HttpRequest count=64 sample="Response status code does not indicate success: 400 (Bad Request)."
Foundgine run=20: concurrency=64 workers=64 success=0 failed=64 rps=0.0 avgWall=3.8ms p50=0.0ms p95=0.0ms p99=0.0 maxWall=5.5ms toolCalls/flow=1.0 estToolInputTokens=1 estToolOutputTokens=42 estContextLoadTokens=357 providerTokens=N/A activeHttpPeak=62 httpRetries=0
  error=HttpRequest count=64 sample="Response status code does not indicate success: 400 (Bad Request)."
Foundgine run=21: concurrency=64 workers=64 success=0 failed=64 rps=0.0 avgWall=4.5ms p50=0.0ms p95=0.0ms p99=0.0 maxWall=8.1ms toolCalls/flow=1.0 estToolInputTokens=1 estToolOutputTokens=42 estContextLoadTokens=357 providerTokens=N/A activeHttpPeak=50 httpRetries=0
  error=HttpRequest count=64 sample="Response status code does not indicate success: 400 (Bad Request)."
Foundgine run=22: concurrency=64 workers=64 success=0 failed=64 rps=0.0 avgWall=2.7ms p50=0.0ms p95=0.0ms p99=0.0 maxWall=4.2ms toolCalls/flow=1.0 estToolInputTokens=1 estToolOutputTokens=42 estContextLoadTokens=357 providerTokens=N/A activeHttpPeak=51 httpRetries=0
  error=HttpRequest count=64 sample="Response status code does not indicate success: 400 (Bad Request)."
Foundgine run=23: concurrency=64 workers=64 success=0 failed=64 rps=0.0 avgWall=4.3ms p50=0.0ms p95=0.0ms p99=0.0 maxWall=8.5ms toolCalls/flow=1.0 estToolInputTokens=1 estToolOutputTokens=42 estContextLoadTokens=357 providerTokens=N/A activeHttpPeak=47 httpRetries=0
  error=HttpRequest count=64 sample="Response status code does not indicate success: 400 (Bad Request)."
Foundgine run=24: concurrency=64 workers=64 success=0 failed=64 rps=0.0 avgWall=2.9ms p50=0.0ms p95=0.0ms p99=0.0 maxWall=4.6ms toolCalls/flow=1.0 estToolInputTokens=1 estToolOutputTokens=42 estContextLoadTokens=357 providerTokens=N/A activeHttpPeak=48 httpRetries=0
  error=HttpRequest count=64 sample="Response status code does not indicate success: 400 (Bad Request)."
Foundgine run=25: concurrency=64 workers=64 success=0 failed=64 rps=0.0 avgWall=2.8ms p50=0.0ms p95=0.0ms p99=0.0 maxWall=5.0ms toolCalls/flow=1.0 estToolInputTokens=1 estToolOutputTokens=42 estContextLoadTokens=357 providerTokens=N/A activeHttpPeak=56 httpRetries=0
  error=HttpRequest count=64 sample="Response status code does not indicate success: 400 (Bad Request)."
Foundgine run=26: concurrency=64 workers=64 success=0 failed=64 rps=0.0 avgWall=4.5ms p50=0.0ms p95=0.0ms p99=0.0 maxWall=6.9ms toolCalls/flow=1.0 estToolInputTokens=1 estToolOutputTokens=42 estContextLoadTokens=357 providerTokens=N/A activeHttpPeak=62 httpRetries=0
  error=HttpRequest count=64 sample="Response status code does not indicate success: 400 (Bad Request)."
Foundgine run=27: concurrency=64 workers=64 success=0 failed=64 rps=0.0 avgWall=4.0ms p50=0.0ms p95=0.0ms p99=0.0 maxWall=8.2ms toolCalls/flow=1.0 estToolInputTokens=1 estToolOutputTokens=42 estContextLoadTokens=357 providerTokens=N/A activeHttpPeak=47 httpRetries=0
  error=HttpRequest count=64 sample="Response status code does not indicate success: 400 (Bad Request)."
Foundgine run=28: concurrency=64 workers=64 success=0 failed=64 rps=0.0 avgWall=2.9ms p50=0.0ms p95=0.0ms p99=0.0 maxWall=4.3ms toolCalls/flow=1.0 estToolInputTokens=1 estToolOutputTokens=42 estContextLoadTokens=357 providerTokens=N/A activeHttpPeak=57 httpRetries=0
  error=HttpRequest count=64 sample="Response status code does not indicate success: 400 (Bad Request)."
Foundgine run=29: concurrency=64 workers=64 success=0 failed=64 rps=0.0 avgWall=3.6ms p50=0.0ms p95=0.0ms p99=0.0 maxWall=8.5ms toolCalls/flow=1.0 estToolInputTokens=1 estToolOutputTokens=42 estContextLoadTokens=357 providerTokens=N/A activeHttpPeak=36 httpRetries=0
  error=HttpRequest count=64 sample="Response status code does not indicate success: 400 (Bad Request)."
Foundgine run=30: concurrency=64 workers=64 success=0 failed=64 rps=0.0 avgWall=3.1ms p50=0.0ms p95=0.0ms p99=0.0 maxWall=7.7ms toolCalls/flow=1.0 estToolInputTokens=1 estToolOutputTokens=42 estContextLoadTokens=357 providerTokens=N/A activeHttpPeak=55 httpRetries=0
  error=HttpRequest count=64 sample="Response status code does not indicate success: 400 (Bad Request)."

Concurrency: 64
Estimated context-load saving: 69.9%
Estimated tokens/run â?" Conventional: input=63, output=814, context=1184
Estimated tokens/run â?" Foundgine:    input=1, output=42, context=357
Provider input-token saving: N/A â?" replay mode
Provider total-token saving: N/A â?" replay mode
Agent/tool round-trip saving: 88.9%
Agent/tool payload saving: 95.2%
Tool-call saving: 88.9%
Expected final state verified: False
Verification failures: 1920
Expected state: C:\Foundgine\benchmarks\AgentEndToEnd\Run2\artifacts\01000-customers\concurrency-064\expected-state.json
Reports: C:\Foundgine\benchmarks\AgentEndToEnd\Run2\artifacts\01000-customers\concurrency-064\agent-benchmark.json; C:\Foundgine\benchmarks\AgentEndToEnd\Run2\artifacts\01000-customers\concurrency-064\agent-benchmark.md
Removing benchmark containers and PostgreSQL volume...
Starting PostgreSQL 17 benchmark container on host port 14007...
 Network foundgine-agent-e2e_default Creating 
 Network foundgine-agent-e2e_default Created 
 Volume foundgine-agent-e2e_agent-e2e-postgres-data Creating 
 Volume foundgine-agent-e2e_agent-e2e-postgres-data Created 
 Container foundgine-agent-e2e-postgres-1 Creating 
 Container foundgine-agent-e2e-postgres-1 Created 
 Container foundgine-agent-e2e-postgres-1 Starting 
 Container foundgine-agent-e2e-postgres-1 Started 
Waiting for PostgreSQL...
Seeding fixture: 10000 customers ...
Seeding 10,000 customers, 40,000 relationships, 120,000 contracts and 480,000 transactions...
Seeded: 10,000 customers, 40,000 relationships, 120,000 contracts, 480,000 transactions.
Benchmark graph for Customer 1: 4 relationships -> 12 contracts -> 48 transactions.
Customer 1 is the deterministic benchmark target.
Building and starting Foundgine warm benchmark API...
 Image foundgine-agent-e2e-foundgine-warm Building 
#1 [internal] load local bake definitions
#1 reading from stdin 612B done
#1 DONE 0.0s

#2 [internal] load build definition from Dockerfile
#2 transferring dockerfile: 1.18kB done
#2 DONE 0.0s

#3 [internal] load metadata for mcr.microsoft.com/dotnet/sdk:9.0
#3 DONE 0.2s

#4 [internal] load metadata for mcr.microsoft.com/dotnet/aspnet:9.0
#4 DONE 0.2s

#5 [internal] load .dockerignore
#5 transferring context: 2B done
#5 DONE 0.0s

#6 [build 1/5] FROM mcr.microsoft.com/dotnet/sdk:9.0@sha256:f190d2dd9eef2899c91ac323caa0bd2b39334a5400ba93013e5199da39dad940
#6 resolve mcr.microsoft.com/dotnet/sdk:9.0@sha256:f190d2dd9eef2899c91ac323caa0bd2b39334a5400ba93013e5199da39dad940 0.0s done
#6 DONE 0.0s

#7 [stage-1 1/4] FROM mcr.microsoft.com/dotnet/aspnet:9.0@sha256:b1201ee0ccf9a22c06844982296c1be40d5ff9c7685dc002729f204e63fb1730
#7 resolve mcr.microsoft.com/dotnet/aspnet:9.0@sha256:b1201ee0ccf9a22c06844982296c1be40d5ff9c7685dc002729f204e63fb1730 0.0s done
#7 DONE 0.0s

#8 [internal] load build context
#8 transferring context: 25.34MB 0.3s done
#8 DONE 0.3s

#9 [build 2/5] WORKDIR /src
#9 CACHED

#10 [build 3/5] COPY . .
#10 DONE 1.5s

#11 [build 4/5] RUN dotnet restore     benchmarks/CoffeeBeanery.Performance/Foundgine.CoffeeBeanery.BenchmarkApi/Foundgine.CoffeeBeanery.BenchmarkApi.csproj
#11 0.890   Determining projects to restore...
#11 2.303   Restored /src/src/Foundgine.Planning/Foundgine.Planning.csproj (in 119 ms).
#11 2.303   Restored /src/src/Foundgine.Metadata/Foundgine.Metadata.csproj (in 119 ms).
#11 2.303   Restored /src/src/Foundgine.Abstractions/Foundgine.Abstractions.csproj (in 106 ms).
#11 2.303   Restored /src/src/Foundgine.Execution/Foundgine.Execution.csproj (in 119 ms).
#11 2.321   Restored /src/src/Foundgine.Semantics/Foundgine.Semantics.csproj (in 12 ms).
#11 4.122   Restored /src/src/Foundgine/Foundgine.csproj (in 1.98 sec).
#11 4.122   Restored /src/src/Foundgine.Sql/Foundgine.Sql.csproj (in 1.81 sec).
#11 4.123   Restored /src/src/Foundgine.GraphQL.HotChocolate/Foundgine.GraphQL.HotChocolate.csproj (in 1.98 sec).
#11 4.123   Restored /src/src/Foundgine.GraphQL.HotChocolate.Mutations/Foundgine.GraphQL.HotChocolate.Mutations.csproj (in 1.98 sec).
#11 4.124   Restored /src/benchmarks/CoffeeBeanery.Performance/Foundgine.CoffeeBeanery.BenchmarkApi/Foundgine.CoffeeBeanery.BenchmarkApi.csproj (in 1.98 sec).
#11 DONE 4.2s

#12 [build 5/5] RUN dotnet publish     benchmarks/CoffeeBeanery.Performance/Foundgine.CoffeeBeanery.BenchmarkApi/Foundgine.CoffeeBeanery.BenchmarkApi.csproj     -c Release     -o /app/publish
#12 0.791   Determining projects to restore...
#12 1.814   All projects are up-to-date for restore.
#12 4.635   Foundgine.Abstractions -> /src/src/Foundgine.Abstractions/bin/Release/net9.0/Foundgine.Abstractions.dll
#12 5.961   Foundgine.Semantics -> /src/src/Foundgine.Semantics/bin/Release/net9.0/Foundgine.Semantics.dll
#12 6.338   Foundgine.Metadata -> /src/src/Foundgine.Metadata/bin/Release/net9.0/Foundgine.Metadata.dll
#12 6.671   Foundgine.Planning -> /src/src/Foundgine.Planning/bin/Release/net9.0/Foundgine.Planning.dll
#12 7.157   Foundgine.Execution -> /src/src/Foundgine.Execution/bin/Release/net9.0/Foundgine.Execution.dll
#12 8.046   Foundgine -> /src/src/Foundgine/bin/Release/net9.0/Foundgine.dll
#12 8.074   Foundgine.Sql -> /src/src/Foundgine.Sql/bin/Release/net9.0/Foundgine.Sql.dll
#12 8.533   Foundgine.GraphQL.HotChocolate -> /src/src/Foundgine.GraphQL.HotChocolate/bin/Release/net9.0/Foundgine.GraphQL.HotChocolate.dll
#12 8.973   Foundgine.GraphQL.HotChocolate.Mutations -> /src/src/Foundgine.GraphQL.HotChocolate.Mutations/bin/Release/net9.0/Foundgine.GraphQL.HotChocolate.Mutations.dll
#12 9.887   Foundgine.CoffeeBeanery.BenchmarkApi -> /src/benchmarks/CoffeeBeanery.Performance/Foundgine.CoffeeBeanery.BenchmarkApi/bin/Release/net9.0/Foundgine.CoffeeBeanery.BenchmarkApi.dll
#12 9.950   Foundgine.CoffeeBeanery.BenchmarkApi -> /app/publish/
#12 DONE 10.1s

#13 [stage-1 2/4] RUN apt-get update     && apt-get install -y --no-install-recommends curl     && rm -rf /var/lib/apt/lists/*
#13 CACHED

#14 [stage-1 3/4] WORKDIR /app
#14 CACHED

#15 [stage-1 4/4] COPY --from=build /app/publish .
#15 CACHED

#16 exporting to image
#16 exporting layers done
#16 exporting manifest sha256:3fdb7cd0bf7564dd495819c9cc8607a7be6139d8683037595e3f7fe34a7854eb done
#16 exporting config sha256:1771bebcaf20ba60a3c52af83e0cddcf01896622e5c8c7395aa2c8a5307a8b41 done
#16 exporting attestation manifest sha256:79c4a399b899ee0b4de1fbd60954995647cf2d71ad986d56a4cad369a7200bf2 0.0s done
#16 exporting manifest list sha256:e83932edb4f61e54435749645987336e7087c6c69e4306b459fa8e7098d38ec9
#16 exporting manifest list sha256:e83932edb4f61e54435749645987336e7087c6c69e4306b459fa8e7098d38ec9 0.0s done
#16 naming to docker.io/library/foundgine-agent-e2e-foundgine-warm:latest done
#16 unpacking to docker.io/library/foundgine-agent-e2e-foundgine-warm:latest done
#16 DONE 0.1s

#17 resolving provenance for metadata file
#17 DONE 0.0s
 Image foundgine-agent-e2e-foundgine-warm Built 
 Container foundgine-agent-e2e-foundgine-warm-1 Creating 
 Container foundgine-agent-e2e-foundgine-warm-1 Created 
 Container foundgine-agent-e2e-foundgine-warm-1 Starting 
 Container foundgine-agent-e2e-foundgine-warm-1 Started 
Waiting for http://localhost:4302/health/ready ...

>>> Concurrency tier: 64

============================================
 Agent benchmark: 10000 customers / 30 runs
============================================
