
============================================
 Foundgine Agent End-to-End Performance Run
============================================
Mode:                    replay
Customer tiers:          10, 100, 1000, 10000
Concurrency:             8, 16, 32, 64
Runs per tier:           30, 30, 30, 30
Warmups per flow:        5
Relationships/customer:  4
Contracts/relationship:  3
Transactions/contract:   4
Reports:                 C:\Foundgine\benchmarks\AgentEndToEnd\Run2\artifacts

Restoring benchmark projects...
  Determining projects to restore...
  All projects are up-to-date for restore.
  Determining projects to restore...
  All projects are up-to-date for restore.
Removing benchmark containers and PostgreSQL volume...
Removing benchmark containers and PostgreSQL volume...
Starting PostgreSQL 17 benchmark container on host port 58720...
 Network foundgine-agent-e2e_default Creating 
 Network foundgine-agent-e2e_default Created 
 Volume foundgine-agent-e2e_agent-e2e-postgres-data Creating 
 Volume foundgine-agent-e2e_agent-e2e-postgres-data Created 
 Container foundgine-agent-e2e-postgres-1 Creating 
 Container foundgine-agent-e2e-postgres-1 Created 
 Container foundgine-agent-e2e-postgres-1 Starting 
 Container foundgine-agent-e2e-postgres-1 Started 
Waiting for PostgreSQL...
Seeding fixture: 10 customers ...
Seeding 10 customers, 40 relationships, 120 contracts and 480 transactions...
Seeded: 10 customers, 40 relationships, 120 contracts, 480 transactions.
Benchmark graph for Customer 1: 4 relationships -> 12 contracts -> 48 transactions.
Customer 1 is the deterministic benchmark target.
Building and starting Foundgine warm benchmark API...
 Image foundgine-agent-e2e-foundgine-warm Building 
#1 [internal] load local bake definitions
#1 reading from stdin 612B done
#1 DONE 0.0s

#2 [internal] load build definition from Dockerfile
#2 transferring dockerfile: 1.18kB done
#2 DONE 0.1s

#3 [internal] load metadata for mcr.microsoft.com/dotnet/aspnet:9.0
#3 ...

#4 [internal] load metadata for mcr.microsoft.com/dotnet/sdk:9.0
#4 DONE 0.2s

#3 [internal] load metadata for mcr.microsoft.com/dotnet/aspnet:9.0
#3 DONE 0.2s

#5 [internal] load .dockerignore
#5 transferring context: 216B done
#5 DONE 0.0s

#6 [internal] load build context
#6 DONE 0.0s

#7 [stage-1 1/4] FROM mcr.microsoft.com/dotnet/aspnet:9.0@sha256:4e376dd15bbc8437d4892367ab0ea06a3ac9fea482d10f92f3c493fe1a2219ad
#7 resolve mcr.microsoft.com/dotnet/aspnet:9.0@sha256:4e376dd15bbc8437d4892367ab0ea06a3ac9fea482d10f92f3c493fe1a2219ad 0.1s done
#7 DONE 0.1s

#8 [build 1/5] FROM mcr.microsoft.com/dotnet/sdk:9.0@sha256:35048e3a81e6a07c316e7bbbd80d80d2ba705fe5f23a8ed42b6638c8f4c20d30
#8 resolve mcr.microsoft.com/dotnet/sdk:9.0@sha256:35048e3a81e6a07c316e7bbbd80d80d2ba705fe5f23a8ed42b6638c8f4c20d30 0.1s done
#8 DONE 0.1s

#6 [internal] load build context
#6 transferring context: 231.80kB 0.1s done
#6 DONE 0.1s

#9 [build 2/5] WORKDIR /src
#9 CACHED

#10 [build 3/5] COPY . .
#10 DONE 3.2s

#11 [build 4/5] RUN dotnet restore     benchmarks/CoffeeBeanery.Performance/Foundgine.CoffeeBeanery.BenchmarkApi/Foundgine.CoffeeBeanery.BenchmarkApi.csproj
#11 0.735   Determining projects to restore...
#11 1.765   Restored /src/src/Foundgine.Metadata/Foundgine.Metadata.csproj (in 125 ms).
#11 1.765   Restored /src/src/Foundgine.Sql/Foundgine.Sql.csproj (in 125 ms).
#11 1.765   Restored /src/src/Foundgine.Execution/Foundgine.Execution.csproj (in 125 ms).
#11 1.765   Restored /src/src/Foundgine.Semantics/Foundgine.Semantics.csproj (in 125 ms).
#11 1.765   Restored /src/src/Foundgine.Abstractions/Foundgine.Abstractions.csproj (in 113 ms).
#11 1.765   Restored /src/src/Foundgine.Planning/Foundgine.Planning.csproj (in 125 ms).
#11 4.014   Restored /src/src/Foundgine.GraphQL.HotChocolate/Foundgine.GraphQL.HotChocolate.csproj (in 2.41 sec).
#11 4.014   Restored /src/src/Foundgine.GraphQL.HotChocolate.Mutations/Foundgine.GraphQL.HotChocolate.Mutations.csproj (in 2.41 sec).
#11 4.014   Restored /src/benchmarks/CoffeeBeanery.Performance/Foundgine.CoffeeBeanery.BenchmarkApi/Foundgine.CoffeeBeanery.BenchmarkApi.csproj (in 2.24 sec).
#11 DONE 4.1s

#12 [build 5/5] RUN dotnet publish     benchmarks/CoffeeBeanery.Performance/Foundgine.CoffeeBeanery.BenchmarkApi/Foundgine.CoffeeBeanery.BenchmarkApi.csproj     -c Release     -o /app/publish
#12 0.710   Determining projects to restore...
#12 1.696   All projects are up-to-date for restore.
#12 4.209   Foundgine.Abstractions -> /src/src/Foundgine.Abstractions/bin/Release/net9.0/Foundgine.Abstractions.dll
#12 4.850   Foundgine.Metadata -> /src/src/Foundgine.Metadata/bin/Release/net9.0/Foundgine.Metadata.dll
#12 5.037   Foundgine.Semantics -> /src/src/Foundgine.Semantics/bin/Release/net9.0/Foundgine.Semantics.dll
#12 5.789   Foundgine.GraphQL.HotChocolate -> /src/src/Foundgine.GraphQL.HotChocolate/bin/Release/net9.0/Foundgine.GraphQL.HotChocolate.dll
#12 5.885   Foundgine.Planning -> /src/src/Foundgine.Planning/bin/Release/net9.0/Foundgine.Planning.dll
#12 6.290   Foundgine.Execution -> /src/src/Foundgine.Execution/bin/Release/net9.0/Foundgine.Execution.dll
#12 6.803   Foundgine.GraphQL.HotChocolate.Mutations -> /src/src/Foundgine.GraphQL.HotChocolate.Mutations/bin/Release/net9.0/Foundgine.GraphQL.HotChocolate.Mutations.dll
#12 6.950   Foundgine.Sql -> /src/src/Foundgine.Sql/bin/Release/net9.0/Foundgine.Sql.dll
#12 7.959   Foundgine.CoffeeBeanery.BenchmarkApi -> /src/benchmarks/CoffeeBeanery.Performance/Foundgine.CoffeeBeanery.BenchmarkApi/bin/Release/net9.0/Foundgine.CoffeeBeanery.BenchmarkApi.dll
#12 8.023   Foundgine.CoffeeBeanery.BenchmarkApi -> /app/publish/
#12 DONE 8.2s

#13 [stage-1 2/4] RUN apt-get update     && apt-get install -y --no-install-recommends curl     && rm -rf /var/lib/apt/lists/*
#13 CACHED

#14 [stage-1 3/4] WORKDIR /app
#14 CACHED

#15 [stage-1 4/4] COPY --from=build /app/publish .
#15 CACHED

#16 exporting to image
#16 exporting layers done
#16 exporting manifest sha256:87c50c2e90b3b1413384722fde9760e02d9f66c9ec8a46542830611196e6cc8e 0.0s done
#16 exporting config sha256:d5586ffa1cf0571bfc01638578f29b0522095c33f67d97fd4beb877511fe64f7 0.0s done
#16 exporting attestation manifest sha256:8cd593a04a91463e564a915cb6faa4858e7ede6aff52473428d902ecaa1cfebe 0.0s done
#16 exporting manifest list sha256:acd539a6c03cca5c9643cb8feea2ebe28e04572c9d2725b8556e7ef0647fdf97 0.0s done
#16 naming to docker.io/library/foundgine-agent-e2e-foundgine-warm:latest
#16 naming to docker.io/library/foundgine-agent-e2e-foundgine-warm:latest done
#16 unpacking to docker.io/library/foundgine-agent-e2e-foundgine-warm:latest 0.0s done
#16 DONE 0.1s

#17 resolving provenance for metadata file
#17 DONE 0.0s
 Image foundgine-agent-e2e-foundgine-warm Built 
 Container foundgine-agent-e2e-foundgine-warm-1 Creating 
 Container foundgine-agent-e2e-foundgine-warm-1 Created 
 Container foundgine-agent-e2e-foundgine-warm-1 Starting 
 Container foundgine-agent-e2e-foundgine-warm-1 Started 
Waiting for http://localhost:4302/health/ready ...

>>> Concurrency tier: 8

============================================
 Agent benchmark: 10 customers / 30 runs
============================================
Scenario: customer-exposure-review-query-mutation-query-mutation
Mode: replay; concurrency=8; warmups=5; runs=30; fixtureCustomer=1
Fixture: relationships=4, contracts=12, transactions=48, exposure=48,240.00
Conventional run=1: concurrency=8 workers=8 success=8 failed=0 rps=344.1 avgWall=22.3ms p50=22.8ms p95=23.2ms p99=23.2 maxWall=23.3ms toolCalls/flow=9.0 estToolInputTokens=61 estToolOutputTokens=797 estContextLoadTokens=1164 providerTokens=N/A activeHttpPeak=0 httpRetries=0
Conventional run=2: concurrency=8 workers=8 success=8 failed=0 rps=352.1 avgWall=21.6ms p50=21.9ms p95=22.7ms p99=22.7 maxWall=22.7ms toolCalls/flow=9.0 estToolInputTokens=61 estToolOutputTokens=797 estContextLoadTokens=1164 providerTokens=N/A activeHttpPeak=0 httpRetries=0
Conventional run=3: concurrency=8 workers=8 success=8 failed=0 rps=361.1 avgWall=20.7ms p50=20.9ms p95=21.9ms p99=22.1 maxWall=22.2ms toolCalls/flow=9.0 estToolInputTokens=61 estToolOutputTokens=797 estContextLoadTokens=1164 providerTokens=N/A activeHttpPeak=0 httpRetries=0
Conventional run=4: concurrency=8 workers=8 success=8 failed=0 rps=311.7 avgWall=24.2ms p50=24.1ms p95=25.3ms p99=25.6 maxWall=25.7ms toolCalls/flow=9.0 estToolInputTokens=61 estToolOutputTokens=797 estContextLoadTokens=1164 providerTokens=N/A activeHttpPeak=0 httpRetries=0
Conventional run=5: concurrency=8 workers=8 success=8 failed=0 rps=365.6 avgWall=21.5ms p50=21.5ms p95=21.9ms p99=21.9 maxWall=21.9ms toolCalls/flow=9.0 estToolInputTokens=61 estToolOutputTokens=797 estContextLoadTokens=1164 providerTokens=N/A activeHttpPeak=0 httpRetries=0
Conventional run=6: concurrency=8 workers=8 success=8 failed=0 rps=329.6 avgWall=22.4ms p50=22.7ms p95=23.8ms p99=24.2 maxWall=24.3ms toolCalls/flow=9.0 estToolInputTokens=61 estToolOutputTokens=797 estContextLoadTokens=1164 providerTokens=N/A activeHttpPeak=0 httpRetries=0
Conventional run=7: concurrency=8 workers=8 success=8 failed=0 rps=323.2 avgWall=23.1ms p50=23.4ms p95=24.4ms p99=24.7 maxWall=24.8ms toolCalls/flow=9.0 estToolInputTokens=61 estToolOutputTokens=797 estContextLoadTokens=1164 providerTokens=N/A activeHttpPeak=0 httpRetries=0
Conventional run=8: concurrency=8 workers=8 success=8 failed=0 rps=362.8 avgWall=21.7ms p50=21.9ms p95=22.0ms p99=22.0 maxWall=22.1ms toolCalls/flow=9.0 estToolInputTokens=61 estToolOutputTokens=797 estContextLoadTokens=1164 providerTokens=N/A activeHttpPeak=0 httpRetries=0
Conventional run=9: concurrency=8 workers=8 success=8 failed=0 rps=317.6 avgWall=24.1ms p50=24.1ms p95=25.0ms p99=25.2 maxWall=25.2ms toolCalls/flow=9.0 estToolInputTokens=61 estToolOutputTokens=797 estContextLoadTokens=1164 providerTokens=N/A activeHttpPeak=0 httpRetries=0
Conventional run=10: concurrency=8 workers=8 success=8 failed=0 rps=328.9 avgWall=23.2ms p50=23.4ms p95=24.2ms p99=24.3 maxWall=24.3ms toolCalls/flow=9.0 estToolInputTokens=61 estToolOutputTokens=797 estContextLoadTokens=1164 providerTokens=N/A activeHttpPeak=0 httpRetries=0
Conventional run=11: concurrency=8 workers=8 success=8 failed=0 rps=333.3 avgWall=22.4ms p50=22.3ms p95=23.6ms p99=23.9 maxWall=24.0ms toolCalls/flow=9.0 estToolInputTokens=61 estToolOutputTokens=797 estContextLoadTokens=1164 providerTokens=N/A activeHttpPeak=0 httpRetries=0
Conventional run=12: concurrency=8 workers=8 success=8 failed=0 rps=323.5 avgWall=23.9ms p50=23.9ms p95=24.7ms p99=24.7 maxWall=24.7ms toolCalls/flow=9.0 estToolInputTokens=61 estToolOutputTokens=797 estContextLoadTokens=1164 providerTokens=N/A activeHttpPeak=0 httpRetries=0
Conventional run=13: concurrency=8 workers=8 success=8 failed=0 rps=284.8 avgWall=25.9ms p50=25.9ms p95=27.6ms p99=28.0 maxWall=28.1ms toolCalls/flow=9.0 estToolInputTokens=61 estToolOutputTokens=797 estContextLoadTokens=1164 providerTokens=N/A activeHttpPeak=0 httpRetries=0
Conventional run=14: concurrency=8 workers=8 success=8 failed=0 rps=332.5 avgWall=22.8ms p50=23.0ms p95=23.7ms p99=24.0 maxWall=24.1ms toolCalls/flow=9.0 estToolInputTokens=61 estToolOutputTokens=797 estContextLoadTokens=1164 providerTokens=N/A activeHttpPeak=0 httpRetries=0
Conventional run=15: concurrency=8 workers=8 success=8 failed=0 rps=361.8 avgWall=21.3ms p50=21.2ms p95=22.0ms p99=22.1 maxWall=22.1ms toolCalls/flow=9.0 estToolInputTokens=61 estToolOutputTokens=797 estContextLoadTokens=1164 providerTokens=N/A activeHttpPeak=0 httpRetries=0
Conventional run=16: concurrency=8 workers=8 success=8 failed=0 rps=335.0 avgWall=23.1ms p50=23.0ms p95=23.7ms p99=23.8 maxWall=23.9ms toolCalls/flow=9.0 estToolInputTokens=61 estToolOutputTokens=797 estContextLoadTokens=1164 providerTokens=N/A activeHttpPeak=0 httpRetries=0
Conventional run=17: concurrency=8 workers=8 success=8 failed=0 rps=351.6 avgWall=21.7ms p50=21.8ms p95=22.7ms p99=22.7 maxWall=22.8ms toolCalls/flow=9.0 estToolInputTokens=61 estToolOutputTokens=797 estContextLoadTokens=1164 providerTokens=N/A activeHttpPeak=0 httpRetries=0
Conventional run=18: concurrency=8 workers=8 success=8 failed=0 rps=365.5 avgWall=20.9ms p50=21.3ms p95=21.8ms p99=21.9 maxWall=21.9ms toolCalls/flow=9.0 estToolInputTokens=61 estToolOutputTokens=797 estContextLoadTokens=1164 providerTokens=N/A activeHttpPeak=0 httpRetries=0
Conventional run=19: concurrency=8 workers=8 success=8 failed=0 rps=361.6 avgWall=21.5ms p50=21.8ms p95=22.1ms p99=22.1 maxWall=22.1ms toolCalls/flow=9.0 estToolInputTokens=61 estToolOutputTokens=797 estContextLoadTokens=1164 providerTokens=N/A activeHttpPeak=0 httpRetries=0
Conventional run=20: concurrency=8 workers=8 success=8 failed=0 rps=339.5 avgWall=22.1ms p50=22.6ms p95=23.4ms p99=23.5 maxWall=23.6ms toolCalls/flow=9.0 estToolInputTokens=61 estToolOutputTokens=797 estContextLoadTokens=1164 providerTokens=N/A activeHttpPeak=0 httpRetries=0
Conventional run=21: concurrency=8 workers=8 success=8 failed=0 rps=312.6 avgWall=24.4ms p50=24.1ms p95=25.4ms p99=25.6 maxWall=25.6ms toolCalls/flow=9.0 estToolInputTokens=61 estToolOutputTokens=797 estContextLoadTokens=1164 providerTokens=N/A activeHttpPeak=0 httpRetries=0
Conventional run=22: concurrency=8 workers=8 success=8 failed=0 rps=294.4 avgWall=26.4ms p50=26.6ms p95=27.0ms p99=27.1 maxWall=27.2ms toolCalls/flow=9.0 estToolInputTokens=61 estToolOutputTokens=797 estContextLoadTokens=1164 providerTokens=N/A activeHttpPeak=0 httpRetries=0
Conventional run=23: concurrency=8 workers=8 success=8 failed=0 rps=305.0 avgWall=25.5ms p50=25.7ms p95=26.2ms p99=26.2 maxWall=26.2ms toolCalls/flow=9.0 estToolInputTokens=61 estToolOutputTokens=797 estContextLoadTokens=1164 providerTokens=N/A activeHttpPeak=0 httpRetries=0
Conventional run=24: concurrency=8 workers=8 success=8 failed=0 rps=324.6 avgWall=22.7ms p50=22.5ms p95=24.4ms p99=24.6 maxWall=24.6ms toolCalls/flow=9.0 estToolInputTokens=61 estToolOutputTokens=797 estContextLoadTokens=1164 providerTokens=N/A activeHttpPeak=0 httpRetries=0
Conventional run=25: concurrency=8 workers=8 success=8 failed=0 rps=328.0 avgWall=23.5ms p50=23.7ms p95=24.4ms p99=24.4 maxWall=24.4ms toolCalls/flow=9.0 estToolInputTokens=61 estToolOutputTokens=797 estContextLoadTokens=1164 providerTokens=N/A activeHttpPeak=0 httpRetries=0
Conventional run=26: concurrency=8 workers=8 success=8 failed=0 rps=348.8 avgWall=21.9ms p50=21.9ms p95=22.8ms p99=22.9 maxWall=22.9ms toolCalls/flow=9.0 estToolInputTokens=61 estToolOutputTokens=797 estContextLoadTokens=1164 providerTokens=N/A activeHttpPeak=0 httpRetries=0
Conventional run=27: concurrency=8 workers=8 success=8 failed=0 rps=330.5 avgWall=23.0ms p50=23.1ms p95=24.2ms p99=24.2 maxWall=24.2ms toolCalls/flow=9.0 estToolInputTokens=61 estToolOutputTokens=797 estContextLoadTokens=1164 providerTokens=N/A activeHttpPeak=0 httpRetries=0
Conventional run=28: concurrency=8 workers=8 success=8 failed=0 rps=339.0 avgWall=22.2ms p50=22.4ms p95=23.4ms p99=23.5 maxWall=23.6ms toolCalls/flow=9.0 estToolInputTokens=61 estToolOutputTokens=797 estContextLoadTokens=1164 providerTokens=N/A activeHttpPeak=0 httpRetries=0
Conventional run=29: concurrency=8 workers=8 success=8 failed=0 rps=352.1 avgWall=21.9ms p50=21.9ms p95=22.6ms p99=22.7 maxWall=22.7ms toolCalls/flow=9.0 estToolInputTokens=61 estToolOutputTokens=797 estContextLoadTokens=1164 providerTokens=N/A activeHttpPeak=0 httpRetries=0
Conventional run=30: concurrency=8 workers=8 success=8 failed=0 rps=368.9 avgWall=20.6ms p50=20.8ms p95=21.5ms p99=21.7 maxWall=21.7ms toolCalls/flow=9.0 estToolInputTokens=61 estToolOutputTokens=797 estContextLoadTokens=1164 providerTokens=N/A activeHttpPeak=0 httpRetries=0
Foundgine run=1: concurrency=8 workers=8 success=8 failed=0 rps=273.7 avgWall=25.7ms p50=25.0ms p95=28.6ms p99=29.1 maxWall=29.2ms toolCalls/flow=6.0 estToolInputTokens=33 estToolOutputTokens=509 estContextLoadTokens=855 providerTokens=N/A activeHttpPeak=8 httpRetries=0
Foundgine run=2: concurrency=8 workers=8 success=8 failed=0 rps=236.6 avgWall=31.6ms p50=31.0ms p95=33.6ms p99=33.8 maxWall=33.8ms toolCalls/flow=6.0 estToolInputTokens=33 estToolOutputTokens=509 estContextLoadTokens=855 providerTokens=N/A activeHttpPeak=8 httpRetries=0
Foundgine run=3: concurrency=8 workers=8 success=8 failed=0 rps=253.7 avgWall=30.9ms p50=31.0ms p95=31.4ms p99=31.5 maxWall=31.5ms toolCalls/flow=6.0 estToolInputTokens=33 estToolOutputTokens=509 estContextLoadTokens=855 providerTokens=N/A activeHttpPeak=8 httpRetries=0
Foundgine run=4: concurrency=8 workers=8 success=8 failed=0 rps=272.4 avgWall=28.3ms p50=27.9ms p95=29.3ms p99=29.3 maxWall=29.4ms toolCalls/flow=6.0 estToolInputTokens=33 estToolOutputTokens=509 estContextLoadTokens=855 providerTokens=N/A activeHttpPeak=8 httpRetries=0
Foundgine run=5: concurrency=8 workers=8 success=8 failed=0 rps=211.5 avgWall=36.1ms p50=37.0ms p95=37.7ms p99=37.8 maxWall=37.8ms toolCalls/flow=6.0 estToolInputTokens=33 estToolOutputTokens=509 estContextLoadTokens=855 providerTokens=N/A activeHttpPeak=8 httpRetries=0
Foundgine run=6: concurrency=8 workers=8 success=8 failed=0 rps=284.0 avgWall=25.6ms p50=25.9ms p95=27.6ms p99=28.0 maxWall=28.2ms toolCalls/flow=6.0 estToolInputTokens=33 estToolOutputTokens=509 estContextLoadTokens=855 providerTokens=N/A activeHttpPeak=8 httpRetries=0
Foundgine run=7: concurrency=8 workers=8 success=8 failed=0 rps=307.6 avgWall=25.4ms p50=25.3ms p95=26.0ms p99=26.0 maxWall=26.0ms toolCalls/flow=6.0 estToolInputTokens=33 estToolOutputTokens=509 estContextLoadTokens=855 providerTokens=N/A activeHttpPeak=8 httpRetries=0
Foundgine run=8: concurrency=8 workers=8 success=8 failed=0 rps=313.4 avgWall=25.0ms p50=25.2ms p95=25.5ms p99=25.5 maxWall=25.5ms toolCalls/flow=6.0 estToolInputTokens=33 estToolOutputTokens=509 estContextLoadTokens=855 providerTokens=N/A activeHttpPeak=8 httpRetries=0
Foundgine run=9: concurrency=8 workers=8 success=8 failed=0 rps=215.3 avgWall=32.0ms p50=31.1ms p95=36.6ms p99=37.0 maxWall=37.2ms toolCalls/flow=6.0 estToolInputTokens=33 estToolOutputTokens=509 estContextLoadTokens=855 providerTokens=N/A activeHttpPeak=8 httpRetries=0
Foundgine run=10: concurrency=8 workers=8 success=8 failed=0 rps=293.6 avgWall=25.6ms p50=25.3ms p95=26.8ms p99=27.2 maxWall=27.3ms toolCalls/flow=6.0 estToolInputTokens=33 estToolOutputTokens=509 estContextLoadTokens=855 providerTokens=N/A activeHttpPeak=8 httpRetries=0
Foundgine run=11: concurrency=8 workers=8 success=8 failed=0 rps=281.6 avgWall=26.6ms p50=26.6ms p95=28.1ms p99=28.4 maxWall=28.4ms toolCalls/flow=6.0 estToolInputTokens=33 estToolOutputTokens=509 estContextLoadTokens=855 providerTokens=N/A activeHttpPeak=8 httpRetries=0
Foundgine run=12: concurrency=8 workers=8 success=8 failed=0 rps=295.2 avgWall=24.7ms p50=24.7ms p95=26.5ms p99=27.0 maxWall=27.1ms toolCalls/flow=6.0 estToolInputTokens=33 estToolOutputTokens=509 estContextLoadTokens=855 providerTokens=N/A activeHttpPeak=8 httpRetries=0
Foundgine run=13: concurrency=8 workers=8 success=8 failed=0 rps=298.3 avgWall=25.8ms p50=25.9ms p95=26.7ms p99=26.8 maxWall=26.8ms toolCalls/flow=6.0 estToolInputTokens=33 estToolOutputTokens=509 estContextLoadTokens=855 providerTokens=N/A activeHttpPeak=8 httpRetries=0
Foundgine run=14: concurrency=8 workers=8 success=8 failed=0 rps=304.6 avgWall=24.1ms p50=23.8ms p95=25.6ms p99=26.1 maxWall=26.3ms toolCalls/flow=6.0 estToolInputTokens=33 estToolOutputTokens=509 estContextLoadTokens=855 providerTokens=N/A activeHttpPeak=8 httpRetries=0
Foundgine run=15: concurrency=8 workers=8 success=8 failed=0 rps=264.8 avgWall=27.9ms p50=28.1ms p95=30.2ms p99=30.2 maxWall=30.2ms toolCalls/flow=6.0 estToolInputTokens=33 estToolOutputTokens=509 estContextLoadTokens=855 providerTokens=N/A activeHttpPeak=8 httpRetries=0
Foundgine run=16: concurrency=8 workers=8 success=8 failed=0 rps=257.5 avgWall=30.7ms p50=30.8ms p95=31.0ms p99=31.1 maxWall=31.1ms toolCalls/flow=6.0 estToolInputTokens=33 estToolOutputTokens=509 estContextLoadTokens=855 providerTokens=N/A activeHttpPeak=8 httpRetries=0
Foundgine run=17: concurrency=8 workers=8 success=8 failed=0 rps=333.5 avgWall=23.0ms p50=22.8ms p95=23.9ms p99=24.0 maxWall=24.0ms toolCalls/flow=6.0 estToolInputTokens=33 estToolOutputTokens=509 estContextLoadTokens=855 providerTokens=N/A activeHttpPeak=8 httpRetries=0
Foundgine run=18: concurrency=8 workers=8 success=8 failed=0 rps=285.5 avgWall=27.5ms p50=27.6ms p95=27.9ms p99=28.0 maxWall=28.0ms toolCalls/flow=6.0 estToolInputTokens=33 estToolOutputTokens=509 estContextLoadTokens=855 providerTokens=N/A activeHttpPeak=8 httpRetries=0
Foundgine run=19: concurrency=8 workers=8 success=8 failed=0 rps=311.6 avgWall=24.0ms p50=23.7ms p95=25.4ms p99=25.6 maxWall=25.7ms toolCalls/flow=6.0 estToolInputTokens=33 estToolOutputTokens=509 estContextLoadTokens=855 providerTokens=N/A activeHttpPeak=8 httpRetries=0
Foundgine run=20: concurrency=8 workers=8 success=8 failed=0 rps=318.2 avgWall=23.9ms p50=23.6ms p95=24.8ms p99=25.1 maxWall=25.1ms toolCalls/flow=6.0 estToolInputTokens=33 estToolOutputTokens=509 estContextLoadTokens=855 providerTokens=N/A activeHttpPeak=8 httpRetries=0
Foundgine run=21: concurrency=8 workers=8 success=8 failed=0 rps=349.7 avgWall=22.3ms p50=22.1ms p95=22.8ms p99=22.9 maxWall=22.9ms toolCalls/flow=6.0 estToolInputTokens=33 estToolOutputTokens=509 estContextLoadTokens=855 providerTokens=N/A activeHttpPeak=8 httpRetries=0
Foundgine run=22: concurrency=8 workers=8 success=8 failed=0 rps=308.2 avgWall=24.7ms p50=24.5ms p95=25.7ms p99=25.9 maxWall=26.0ms toolCalls/flow=6.0 estToolInputTokens=33 estToolOutputTokens=509 estContextLoadTokens=855 providerTokens=N/A activeHttpPeak=8 httpRetries=0
Foundgine run=23: concurrency=8 workers=8 success=8 failed=0 rps=335.4 avgWall=22.9ms p50=22.7ms p95=23.7ms p99=23.8 maxWall=23.9ms toolCalls/flow=6.0 estToolInputTokens=33 estToolOutputTokens=509 estContextLoadTokens=855 providerTokens=N/A activeHttpPeak=8 httpRetries=0
Foundgine run=24: concurrency=8 workers=8 success=8 failed=0 rps=265.4 avgWall=27.7ms p50=29.4ms p95=30.0ms p99=30.1 maxWall=30.1ms toolCalls/flow=6.0 estToolInputTokens=33 estToolOutputTokens=509 estContextLoadTokens=855 providerTokens=N/A activeHttpPeak=8 httpRetries=0
Foundgine run=25: concurrency=8 workers=8 success=8 failed=0 rps=322.0 avgWall=23.9ms p50=24.1ms p95=24.7ms p99=24.8 maxWall=24.8ms toolCalls/flow=6.0 estToolInputTokens=33 estToolOutputTokens=509 estContextLoadTokens=855 providerTokens=N/A activeHttpPeak=8 httpRetries=0
Foundgine run=26: concurrency=8 workers=8 success=8 failed=0 rps=271.7 avgWall=28.2ms p50=28.0ms p95=29.3ms p99=29.4 maxWall=29.4ms toolCalls/flow=6.0 estToolInputTokens=33 estToolOutputTokens=509 estContextLoadTokens=855 providerTokens=N/A activeHttpPeak=8 httpRetries=0
Foundgine run=27: concurrency=8 workers=8 success=8 failed=0 rps=325.7 avgWall=22.6ms p50=22.6ms p95=24.0ms p99=24.5 maxWall=24.6ms toolCalls/flow=6.0 estToolInputTokens=33 estToolOutputTokens=509 estContextLoadTokens=855 providerTokens=N/A activeHttpPeak=8 httpRetries=0
Foundgine run=28: concurrency=8 workers=8 success=8 failed=0 rps=350.4 avgWall=22.3ms p50=22.3ms p95=22.8ms p99=22.8 maxWall=22.8ms toolCalls/flow=6.0 estToolInputTokens=33 estToolOutputTokens=509 estContextLoadTokens=855 providerTokens=N/A activeHttpPeak=8 httpRetries=0
Foundgine run=29: concurrency=8 workers=8 success=8 failed=0 rps=360.0 avgWall=21.0ms p50=20.8ms p95=21.8ms p99=22.1 maxWall=22.2ms toolCalls/flow=6.0 estToolInputTokens=33 estToolOutputTokens=509 estContextLoadTokens=855 providerTokens=N/A activeHttpPeak=8 httpRetries=0
Foundgine run=30: concurrency=8 workers=8 success=8 failed=0 rps=334.6 avgWall=22.3ms p50=22.7ms p95=23.7ms p99=23.9 maxWall=23.9ms toolCalls/flow=6.0 estToolInputTokens=33 estToolOutputTokens=509 estContextLoadTokens=855 providerTokens=N/A activeHttpPeak=8 httpRetries=0

Concurrency: 8
Estimated context-load saving: 26.5%
Estimated tokens/run â?" Conventional: input=61, output=797, context=1164
Estimated tokens/run â?" Foundgine:    input=33, output=509, context=855
Provider input-token saving: N/A â?" replay mode
Provider total-token saving: N/A â?" replay mode
Tool-call saving: 33.3%
Expected final state verified: True
Verification failures: 0
Expected state: C:\Foundgine\benchmarks\AgentEndToEnd\Run2\artifacts\00010-customers\concurrency-008\expected-state.json
Reports: C:\Foundgine\benchmarks\AgentEndToEnd\Run2\artifacts\00010-customers\concurrency-008\agent-benchmark.json; C:\Foundgine\benchmarks\AgentEndToEnd\Run2\artifacts\00010-customers\concurrency-008\agent-benchmark.md

>>> Concurrency tier: 16

============================================
 Agent benchmark: 10 customers / 30 runs
============================================
WARNING: concurrency=16 exceeds available customers=10; customer IDs will be reused across concurrent flows.
Scenario: customer-exposure-review-query-mutation-query-mutation
Mode: replay; concurrency=16; warmups=5; runs=30; fixtureCustomer=1
Fixture: relationships=4, contracts=12, transactions=48, exposure=48,240.00
Conventional run=1: concurrency=16 workers=16 success=16 failed=0 rps=479.1 avgWall=30.6ms p50=31.2ms p95=32.7ms p99=33.3 maxWall=33.4ms toolCalls/flow=9.0 estToolInputTokens=61 estToolOutputTokens=798 estContextLoadTokens=1165 providerTokens=N/A activeHttpPeak=0 httpRetries=0
Conventional run=2: concurrency=16 workers=16 success=16 failed=0 rps=506.2 avgWall=29.5ms p50=29.5ms p95=31.5ms p99=31.6 maxWall=31.6ms toolCalls/flow=9.0 estToolInputTokens=61 estToolOutputTokens=798 estContextLoadTokens=1165 providerTokens=N/A activeHttpPeak=0 httpRetries=0
Conventional run=3: concurrency=16 workers=16 success=16 failed=0 rps=477.1 avgWall=30.4ms p50=30.4ms p95=33.4ms p99=33.5 maxWall=33.5ms toolCalls/flow=9.0 estToolInputTokens=61 estToolOutputTokens=798 estContextLoadTokens=1165 providerTokens=N/A activeHttpPeak=0 httpRetries=0
Conventional run=4: concurrency=16 workers=16 success=16 failed=0 rps=459.1 avgWall=32.4ms p50=32.4ms p95=34.7ms p99=34.8 maxWall=34.9ms toolCalls/flow=9.0 estToolInputTokens=61 estToolOutputTokens=798 estContextLoadTokens=1165 providerTokens=N/A activeHttpPeak=0 httpRetries=0
Conventional run=5: concurrency=16 workers=16 success=16 failed=0 rps=533.4 avgWall=28.3ms p50=28.7ms p95=29.8ms p99=30.0 maxWall=30.0ms toolCalls/flow=9.0 estToolInputTokens=61 estToolOutputTokens=798 estContextLoadTokens=1165 providerTokens=N/A activeHttpPeak=0 httpRetries=0
Conventional run=6: concurrency=16 workers=16 success=16 failed=0 rps=483.7 avgWall=29.5ms p50=29.4ms p95=32.7ms p99=33.0 maxWall=33.1ms toolCalls/flow=9.0 estToolInputTokens=61 estToolOutputTokens=798 estContextLoadTokens=1166 providerTokens=N/A activeHttpPeak=0 httpRetries=0
Conventional run=7: concurrency=16 workers=16 success=16 failed=0 rps=494.8 avgWall=30.5ms p50=30.4ms p95=31.8ms p99=32.2 maxWall=32.3ms toolCalls/flow=9.0 estToolInputTokens=61 estToolOutputTokens=798 estContextLoadTokens=1165 providerTokens=N/A activeHttpPeak=0 httpRetries=0
Conventional run=8: concurrency=16 workers=16 success=16 failed=0 rps=434.9 avgWall=34.1ms p50=34.7ms p95=36.6ms p99=36.8 maxWall=36.8ms toolCalls/flow=9.0 estToolInputTokens=61 estToolOutputTokens=798 estContextLoadTokens=1165 providerTokens=N/A activeHttpPeak=0 httpRetries=0
Conventional run=9: concurrency=16 workers=16 success=16 failed=0 rps=458.7 avgWall=32.5ms p50=33.0ms p95=34.9ms p99=34.9 maxWall=34.9ms toolCalls/flow=9.0 estToolInputTokens=61 estToolOutputTokens=798 estContextLoadTokens=1165 providerTokens=N/A activeHttpPeak=0 httpRetries=0
Conventional run=10: concurrency=16 workers=16 success=16 failed=0 rps=489.1 avgWall=30.3ms p50=30.4ms p95=32.7ms p99=32.7 maxWall=32.7ms toolCalls/flow=9.0 estToolInputTokens=61 estToolOutputTokens=798 estContextLoadTokens=1165 providerTokens=N/A activeHttpPeak=0 httpRetries=0
Conventional run=11: concurrency=16 workers=16 success=16 failed=0 rps=511.5 avgWall=28.7ms p50=29.2ms p95=31.2ms p99=31.3 maxWall=31.3ms toolCalls/flow=9.0 estToolInputTokens=61 estToolOutputTokens=798 estContextLoadTokens=1165 providerTokens=N/A activeHttpPeak=0 httpRetries=0
Conventional run=12: concurrency=16 workers=16 success=16 failed=0 rps=482.4 avgWall=30.6ms p50=30.5ms p95=32.9ms p99=33.1 maxWall=33.2ms toolCalls/flow=9.0 estToolInputTokens=61 estToolOutputTokens=798 estContextLoadTokens=1165 providerTokens=N/A activeHttpPeak=0 httpRetries=0
Conventional run=13: concurrency=16 workers=16 success=16 failed=0 rps=473.8 avgWall=31.9ms p50=32.1ms p95=33.7ms p99=33.8 maxWall=33.8ms toolCalls/flow=9.0 estToolInputTokens=61 estToolOutputTokens=798 estContextLoadTokens=1165 providerTokens=N/A activeHttpPeak=0 httpRetries=0
Conventional run=14: concurrency=16 workers=16 success=16 failed=0 rps=454.7 avgWall=29.7ms p50=29.8ms p95=33.8ms p99=34.9 maxWall=35.2ms toolCalls/flow=9.0 estToolInputTokens=61 estToolOutputTokens=798 estContextLoadTokens=1165 providerTokens=N/A activeHttpPeak=0 httpRetries=0
Conventional run=15: concurrency=16 workers=16 success=16 failed=0 rps=448.3 avgWall=32.2ms p50=32.5ms p95=35.2ms p99=35.6 maxWall=35.7ms toolCalls/flow=9.0 estToolInputTokens=61 estToolOutputTokens=798 estContextLoadTokens=1165 providerTokens=N/A activeHttpPeak=0 httpRetries=0
Conventional run=16: concurrency=16 workers=16 success=16 failed=0 rps=442.0 avgWall=30.9ms p50=30.4ms p95=34.5ms p99=35.9 maxWall=36.2ms toolCalls/flow=9.0 estToolInputTokens=61 estToolOutputTokens=798 estContextLoadTokens=1165 providerTokens=N/A activeHttpPeak=0 httpRetries=0
Conventional run=17: concurrency=16 workers=16 success=16 failed=0 rps=515.8 avgWall=27.8ms p50=28.3ms p95=29.5ms p99=30.7 maxWall=31.0ms toolCalls/flow=9.0 estToolInputTokens=61 estToolOutputTokens=798 estContextLoadTokens=1165 providerTokens=N/A activeHttpPeak=0 httpRetries=0
Conventional run=18: concurrency=16 workers=16 success=16 failed=0 rps=462.2 avgWall=31.1ms p50=31.4ms p95=33.5ms p99=34.4 maxWall=34.6ms toolCalls/flow=9.0 estToolInputTokens=61 estToolOutputTokens=798 estContextLoadTokens=1165 providerTokens=N/A activeHttpPeak=0 httpRetries=0
Conventional run=19: concurrency=16 workers=16 success=16 failed=0 rps=474.1 avgWall=31.5ms p50=31.7ms p95=33.2ms p99=33.6 maxWall=33.7ms toolCalls/flow=9.0 estToolInputTokens=61 estToolOutputTokens=798 estContextLoadTokens=1165 providerTokens=N/A activeHttpPeak=0 httpRetries=0
Conventional run=20: concurrency=16 workers=16 success=16 failed=0 rps=461.0 avgWall=30.9ms p50=31.1ms p95=34.0ms p99=34.6 maxWall=34.7ms toolCalls/flow=9.0 estToolInputTokens=61 estToolOutputTokens=798 estContextLoadTokens=1165 providerTokens=N/A activeHttpPeak=0 httpRetries=0
Conventional run=21: concurrency=16 workers=16 success=16 failed=0 rps=454.1 avgWall=30.8ms p50=30.2ms p95=34.5ms p99=35.1 maxWall=35.2ms toolCalls/flow=9.0 estToolInputTokens=61 estToolOutputTokens=798 estContextLoadTokens=1166 providerTokens=N/A activeHttpPeak=0 httpRetries=0
Conventional run=22: concurrency=16 workers=16 success=16 failed=0 rps=474.6 avgWall=29.5ms p50=29.1ms p95=33.2ms p99=33.6 maxWall=33.7ms toolCalls/flow=9.0 estToolInputTokens=61 estToolOutputTokens=798 estContextLoadTokens=1165 providerTokens=N/A activeHttpPeak=0 httpRetries=0
Conventional run=23: concurrency=16 workers=16 success=16 failed=0 rps=505.4 avgWall=29.2ms p50=29.2ms p95=31.6ms p99=31.7 maxWall=31.7ms toolCalls/flow=9.0 estToolInputTokens=61 estToolOutputTokens=798 estContextLoadTokens=1165 providerTokens=N/A activeHttpPeak=0 httpRetries=0
Conventional run=24: concurrency=16 workers=16 success=16 failed=0 rps=463.8 avgWall=32.3ms p50=32.5ms p95=34.4ms p99=34.5 maxWall=34.5ms toolCalls/flow=9.0 estToolInputTokens=61 estToolOutputTokens=798 estContextLoadTokens=1165 providerTokens=N/A activeHttpPeak=0 httpRetries=0
Conventional run=25: concurrency=16 workers=16 success=16 failed=0 rps=492.9 avgWall=30.1ms p50=30.1ms p95=32.0ms p99=32.4 maxWall=32.5ms toolCalls/flow=9.0 estToolInputTokens=61 estToolOutputTokens=798 estContextLoadTokens=1165 providerTokens=N/A activeHttpPeak=0 httpRetries=0
Conventional run=26: concurrency=16 workers=16 success=16 failed=0 rps=450.6 avgWall=32.0ms p50=32.1ms p95=34.3ms p99=35.3 maxWall=35.5ms toolCalls/flow=9.0 estToolInputTokens=61 estToolOutputTokens=798 estContextLoadTokens=1165 providerTokens=N/A activeHttpPeak=0 httpRetries=0
Conventional run=27: concurrency=16 workers=16 success=16 failed=0 rps=476.3 avgWall=29.8ms p50=30.4ms p95=32.9ms p99=33.5 maxWall=33.6ms toolCalls/flow=9.0 estToolInputTokens=61 estToolOutputTokens=798 estContextLoadTokens=1165 providerTokens=N/A activeHttpPeak=0 httpRetries=0
Conventional run=28: concurrency=16 workers=16 success=16 failed=0 rps=482.6 avgWall=30.8ms p50=31.4ms p95=32.8ms p99=33.1 maxWall=33.2ms toolCalls/flow=9.0 estToolInputTokens=61 estToolOutputTokens=798 estContextLoadTokens=1165 providerTokens=N/A activeHttpPeak=0 httpRetries=0
Conventional run=29: concurrency=16 workers=16 success=16 failed=0 rps=401.4 avgWall=35.9ms p50=34.9ms p95=39.5ms p99=39.8 maxWall=39.9ms toolCalls/flow=9.0 estToolInputTokens=61 estToolOutputTokens=798 estContextLoadTokens=1165 providerTokens=N/A activeHttpPeak=0 httpRetries=0
Conventional run=30: concurrency=16 workers=16 success=16 failed=0 rps=361.3 avgWall=37.0ms p50=36.5ms p95=43.1ms p99=44.0 maxWall=44.3ms toolCalls/flow=9.0 estToolInputTokens=61 estToolOutputTokens=798 estContextLoadTokens=1165 providerTokens=N/A activeHttpPeak=0 httpRetries=0
Foundgine run=1: concurrency=16 workers=16 success=16 failed=0 rps=290.9 avgWall=49.9ms p50=50.4ms p95=54.9ms p99=55.0 maxWall=55.0ms toolCalls/flow=6.0 estToolInputTokens=33 estToolOutputTokens=510 estContextLoadTokens=856 providerTokens=N/A activeHttpPeak=16 httpRetries=0
Foundgine run=2: concurrency=16 workers=16 success=16 failed=0 rps=360.8 avgWall=40.0ms p50=39.1ms p95=44.2ms p99=44.3 maxWall=44.3ms toolCalls/flow=6.0 estToolInputTokens=33 estToolOutputTokens=510 estContextLoadTokens=856 providerTokens=N/A activeHttpPeak=16 httpRetries=0
Foundgine run=3: concurrency=16 workers=16 success=16 failed=0 rps=318.0 avgWall=45.9ms p50=45.0ms p95=49.7ms p99=50.2 maxWall=50.3ms toolCalls/flow=6.0 estToolInputTokens=33 estToolOutputTokens=510 estContextLoadTokens=856 providerTokens=N/A activeHttpPeak=16 httpRetries=0
Foundgine run=4: concurrency=16 workers=16 success=16 failed=0 rps=359.0 avgWall=39.3ms p50=41.5ms p95=44.1ms p99=44.5 maxWall=44.6ms toolCalls/flow=6.0 estToolInputTokens=33 estToolOutputTokens=510 estContextLoadTokens=856 providerTokens=N/A activeHttpPeak=16 httpRetries=0
Foundgine run=5: concurrency=16 workers=16 success=16 failed=0 rps=403.2 avgWall=33.7ms p50=33.0ms p95=38.1ms p99=39.4 maxWall=39.7ms toolCalls/flow=6.0 estToolInputTokens=33 estToolOutputTokens=510 estContextLoadTokens=856 providerTokens=N/A activeHttpPeak=16 httpRetries=0
Foundgine run=6: concurrency=16 workers=16 success=16 failed=0 rps=351.5 avgWall=40.5ms p50=40.7ms p95=45.4ms p99=45.5 maxWall=45.5ms toolCalls/flow=6.0 estToolInputTokens=33 estToolOutputTokens=510 estContextLoadTokens=856 providerTokens=N/A activeHttpPeak=16 httpRetries=0
Foundgine run=7: concurrency=16 workers=16 success=16 failed=0 rps=436.9 avgWall=33.4ms p50=33.3ms p95=36.5ms p99=36.6 maxWall=36.6ms toolCalls/flow=6.0 estToolInputTokens=33 estToolOutputTokens=510 estContextLoadTokens=856 providerTokens=N/A activeHttpPeak=16 httpRetries=0
Foundgine run=8: concurrency=16 workers=16 success=16 failed=0 rps=269.7 avgWall=47.3ms p50=46.0ms p95=57.3ms p99=58.9 maxWall=59.3ms toolCalls/flow=6.0 estToolInputTokens=33 estToolOutputTokens=510 estContextLoadTokens=856 providerTokens=N/A activeHttpPeak=16 httpRetries=0
Foundgine run=9: concurrency=16 workers=16 success=16 failed=0 rps=341.1 avgWall=42.3ms p50=41.7ms p95=46.6ms p99=46.9 maxWall=46.9ms toolCalls/flow=6.0 estToolInputTokens=33 estToolOutputTokens=510 estContextLoadTokens=856 providerTokens=N/A activeHttpPeak=16 httpRetries=0
Foundgine run=10: concurrency=16 workers=16 success=16 failed=0 rps=402.3 avgWall=36.7ms p50=37.1ms p95=39.3ms p99=39.7 maxWall=39.8ms toolCalls/flow=6.0 estToolInputTokens=33 estToolOutputTokens=510 estContextLoadTokens=856 providerTokens=N/A activeHttpPeak=16 httpRetries=0
Foundgine run=11: concurrency=16 workers=16 success=16 failed=0 rps=383.9 avgWall=37.0ms p50=37.4ms p95=41.3ms p99=41.6 maxWall=41.7ms toolCalls/flow=6.0 estToolInputTokens=33 estToolOutputTokens=510 estContextLoadTokens=856 providerTokens=N/A activeHttpPeak=16 httpRetries=0
Foundgine run=12: concurrency=16 workers=16 success=16 failed=0 rps=514.3 avgWall=27.8ms p50=28.3ms p95=31.0ms p99=31.1 maxWall=31.1ms toolCalls/flow=6.0 estToolInputTokens=33 estToolOutputTokens=510 estContextLoadTokens=856 providerTokens=N/A activeHttpPeak=16 httpRetries=0
Foundgine run=13: concurrency=16 workers=16 success=16 failed=0 rps=394.0 avgWall=35.5ms p50=35.5ms p95=39.0ms p99=40.3 maxWall=40.6ms toolCalls/flow=6.0 estToolInputTokens=33 estToolOutputTokens=510 estContextLoadTokens=856 providerTokens=N/A activeHttpPeak=16 httpRetries=0
Foundgine run=14: concurrency=16 workers=16 success=16 failed=0 rps=498.4 avgWall=29.4ms p50=29.4ms p95=32.1ms p99=32.1 maxWall=32.1ms toolCalls/flow=6.0 estToolInputTokens=33 estToolOutputTokens=510 estContextLoadTokens=856 providerTokens=N/A activeHttpPeak=16 httpRetries=0
Foundgine run=15: concurrency=16 workers=16 success=16 failed=0 rps=284.9 avgWall=50.0ms p50=50.3ms p95=54.6ms p99=55.9 maxWall=56.2ms toolCalls/flow=6.0 estToolInputTokens=33 estToolOutputTokens=510 estContextLoadTokens=856 providerTokens=N/A activeHttpPeak=16 httpRetries=0
Foundgine run=16: concurrency=16 workers=16 success=16 failed=0 rps=469.4 avgWall=31.4ms p50=32.4ms p95=33.9ms p99=34.0 maxWall=34.1ms toolCalls/flow=6.0 estToolInputTokens=33 estToolOutputTokens=510 estContextLoadTokens=856 providerTokens=N/A activeHttpPeak=16 httpRetries=0
Foundgine run=17: concurrency=16 workers=16 success=16 failed=0 rps=445.3 avgWall=32.0ms p50=33.7ms p95=35.9ms p99=35.9 maxWall=35.9ms toolCalls/flow=6.0 estToolInputTokens=33 estToolOutputTokens=510 estContextLoadTokens=856 providerTokens=N/A activeHttpPeak=16 httpRetries=0
Foundgine run=18: concurrency=16 workers=16 success=16 failed=0 rps=375.7 avgWall=38.8ms p50=40.2ms p95=42.1ms p99=42.5 maxWall=42.6ms toolCalls/flow=6.0 estToolInputTokens=33 estToolOutputTokens=510 estContextLoadTokens=856 providerTokens=N/A activeHttpPeak=16 httpRetries=0
Foundgine run=19: concurrency=16 workers=16 success=16 failed=0 rps=388.3 avgWall=35.4ms p50=35.9ms p95=40.8ms p99=41.1 maxWall=41.2ms toolCalls/flow=6.0 estToolInputTokens=33 estToolOutputTokens=510 estContextLoadTokens=856 providerTokens=N/A activeHttpPeak=16 httpRetries=0
Foundgine run=20: concurrency=16 workers=16 success=16 failed=0 rps=363.8 avgWall=39.6ms p50=40.1ms p95=43.1ms p99=43.8 maxWall=44.0ms toolCalls/flow=6.0 estToolInputTokens=33 estToolOutputTokens=510 estContextLoadTokens=856 providerTokens=N/A activeHttpPeak=16 httpRetries=0
Foundgine run=21: concurrency=16 workers=16 success=16 failed=0 rps=381.0 avgWall=37.1ms p50=37.9ms p95=41.2ms p99=41.8 maxWall=42.0ms toolCalls/flow=6.0 estToolInputTokens=33 estToolOutputTokens=510 estContextLoadTokens=856 providerTokens=N/A activeHttpPeak=16 httpRetries=0
Foundgine run=22: concurrency=16 workers=16 success=16 failed=0 rps=325.1 avgWall=39.4ms p50=36.2ms p95=48.8ms p99=49.1 maxWall=49.2ms toolCalls/flow=6.0 estToolInputTokens=33 estToolOutputTokens=510 estContextLoadTokens=856 providerTokens=N/A activeHttpPeak=16 httpRetries=0
Foundgine run=23: concurrency=16 workers=16 success=16 failed=0 rps=376.2 avgWall=35.0ms p50=34.3ms p95=40.8ms p99=42.2 maxWall=42.5ms toolCalls/flow=6.0 estToolInputTokens=33 estToolOutputTokens=510 estContextLoadTokens=856 providerTokens=N/A activeHttpPeak=16 httpRetries=0
Foundgine run=24: concurrency=16 workers=16 success=16 failed=0 rps=411.1 avgWall=34.4ms p50=34.2ms p95=38.9ms p99=38.9 maxWall=38.9ms toolCalls/flow=6.0 estToolInputTokens=33 estToolOutputTokens=511 estContextLoadTokens=857 providerTokens=N/A activeHttpPeak=16 httpRetries=0
Foundgine run=25: concurrency=16 workers=16 success=16 failed=0 rps=439.2 avgWall=31.8ms p50=31.9ms p95=36.3ms p99=36.4 maxWall=36.4ms toolCalls/flow=6.0 estToolInputTokens=33 estToolOutputTokens=510 estContextLoadTokens=856 providerTokens=N/A activeHttpPeak=16 httpRetries=0
Foundgine run=26: concurrency=16 workers=16 success=16 failed=0 rps=404.2 avgWall=34.7ms p50=35.1ms p95=39.2ms p99=39.5 maxWall=39.6ms toolCalls/flow=6.0 estToolInputTokens=33 estToolOutputTokens=510 estContextLoadTokens=856 providerTokens=N/A activeHttpPeak=16 httpRetries=0
Foundgine run=27: concurrency=16 workers=16 success=16 failed=0 rps=336.2 avgWall=40.3ms p50=39.7ms p95=46.0ms p99=47.3 maxWall=47.6ms toolCalls/flow=6.0 estToolInputTokens=33 estToolOutputTokens=510 estContextLoadTokens=856 providerTokens=N/A activeHttpPeak=16 httpRetries=0
Foundgine run=28: concurrency=16 workers=16 success=16 failed=0 rps=256.4 avgWall=49.2ms p50=48.9ms p95=55.4ms p99=61.0 maxWall=62.4ms toolCalls/flow=6.0 estToolInputTokens=33 estToolOutputTokens=510 estContextLoadTokens=856 providerTokens=N/A activeHttpPeak=16 httpRetries=0
Foundgine run=29: concurrency=16 workers=16 success=16 failed=0 rps=253.5 avgWall=47.9ms p50=48.1ms p95=58.3ms p99=62.2 maxWall=63.1ms toolCalls/flow=6.0 estToolInputTokens=33 estToolOutputTokens=510 estContextLoadTokens=856 providerTokens=N/A activeHttpPeak=16 httpRetries=0
Foundgine run=30: concurrency=16 workers=16 success=16 failed=0 rps=357.5 avgWall=39.1ms p50=39.7ms p95=43.4ms p99=44.5 maxWall=44.8ms toolCalls/flow=6.0 estToolInputTokens=33 estToolOutputTokens=510 estContextLoadTokens=856 providerTokens=N/A activeHttpPeak=16 httpRetries=0

Concurrency: 16
Estimated context-load saving: 26.5%
Estimated tokens/run â?" Conventional: input=61, output=798, context=1165
Estimated tokens/run â?" Foundgine:    input=33, output=510, context=856
Provider input-token saving: N/A â?" replay mode
Provider total-token saving: N/A â?" replay mode
Tool-call saving: 33.3%
Expected final state verified: True
Verification failures: 0
Expected state: C:\Foundgine\benchmarks\AgentEndToEnd\Run2\artifacts\00010-customers\concurrency-016\expected-state.json
Reports: C:\Foundgine\benchmarks\AgentEndToEnd\Run2\artifacts\00010-customers\concurrency-016\agent-benchmark.json; C:\Foundgine\benchmarks\AgentEndToEnd\Run2\artifacts\00010-customers\concurrency-016\agent-benchmark.md

>>> Concurrency tier: 32

============================================
 Agent benchmark: 10 customers / 30 runs
============================================
WARNING: concurrency=32 exceeds available customers=10; customer IDs will be reused across concurrent flows.
Scenario: customer-exposure-review-query-mutation-query-mutation
Mode: replay; concurrency=32; warmups=5; runs=30; fixtureCustomer=1
Fixture: relationships=4, contracts=12, transactions=48, exposure=48,240.00
Conventional run=1: concurrency=32 workers=32 success=32 failed=0 rps=463.3 avgWall=58.6ms p50=60.0ms p95=66.9ms p99=68.6 maxWall=69.1ms toolCalls/flow=9.0 estToolInputTokens=61 estToolOutputTokens=798 estContextLoadTokens=1166 providerTokens=N/A activeHttpPeak=0 httpRetries=0
Conventional run=2: concurrency=32 workers=32 success=32 failed=0 rps=478.1 avgWall=54.9ms p50=54.9ms p95=62.0ms p99=65.7 maxWall=66.9ms toolCalls/flow=9.0 estToolInputTokens=61 estToolOutputTokens=798 estContextLoadTokens=1166 providerTokens=N/A activeHttpPeak=0 httpRetries=0
Conventional run=3: concurrency=32 workers=32 success=32 failed=0 rps=541.0 avgWall=51.3ms p50=51.2ms p95=57.8ms p99=58.8 maxWall=59.2ms toolCalls/flow=9.0 estToolInputTokens=61 estToolOutputTokens=799 estContextLoadTokens=1166 providerTokens=N/A activeHttpPeak=0 httpRetries=0
Conventional run=4: concurrency=32 workers=32 success=32 failed=0 rps=500.2 avgWall=52.9ms p50=52.8ms p95=61.1ms p99=63.4 maxWall=64.0ms toolCalls/flow=9.0 estToolInputTokens=61 estToolOutputTokens=799 estContextLoadTokens=1166 providerTokens=N/A activeHttpPeak=0 httpRetries=0
Conventional run=5: concurrency=32 workers=32 success=32 failed=0 rps=440.9 avgWall=63.9ms p50=65.0ms p95=69.4ms p99=71.6 maxWall=72.6ms toolCalls/flow=9.0 estToolInputTokens=61 estToolOutputTokens=798 estContextLoadTokens=1166 providerTokens=N/A activeHttpPeak=0 httpRetries=0
Conventional run=6: concurrency=32 workers=32 success=32 failed=0 rps=536.7 avgWall=51.1ms p50=51.9ms p95=57.6ms p99=59.3 maxWall=59.6ms toolCalls/flow=9.0 estToolInputTokens=61 estToolOutputTokens=799 estContextLoadTokens=1166 providerTokens=N/A activeHttpPeak=0 httpRetries=0
Conventional run=7: concurrency=32 workers=32 success=32 failed=0 rps=535.3 avgWall=50.6ms p50=50.0ms p95=58.4ms p99=59.4 maxWall=59.8ms toolCalls/flow=9.0 estToolInputTokens=61 estToolOutputTokens=799 estContextLoadTokens=1166 providerTokens=N/A activeHttpPeak=0 httpRetries=0
Conventional run=8: concurrency=32 workers=32 success=32 failed=0 rps=603.4 avgWall=45.5ms p50=46.4ms p95=50.3ms p99=52.5 maxWall=53.0ms toolCalls/flow=9.0 estToolInputTokens=61 estToolOutputTokens=799 estContextLoadTokens=1166 providerTokens=N/A activeHttpPeak=0 httpRetries=0
Conventional run=9: concurrency=32 workers=32 success=32 failed=0 rps=560.3 avgWall=49.7ms p50=50.1ms p95=55.8ms p99=56.7 maxWall=57.1ms toolCalls/flow=9.0 estToolInputTokens=61 estToolOutputTokens=798 estContextLoadTokens=1166 providerTokens=N/A activeHttpPeak=0 httpRetries=0
Conventional run=10: concurrency=32 workers=32 success=32 failed=0 rps=570.1 avgWall=47.8ms p50=48.7ms p95=54.4ms p99=55.6 maxWall=56.1ms toolCalls/flow=9.0 estToolInputTokens=61 estToolOutputTokens=798 estContextLoadTokens=1166 providerTokens=N/A activeHttpPeak=0 httpRetries=0
Conventional run=11: concurrency=32 workers=32 success=32 failed=0 rps=557.3 avgWall=48.9ms p50=48.4ms p95=56.0ms p99=57.1 maxWall=57.4ms toolCalls/flow=9.0 estToolInputTokens=61 estToolOutputTokens=799 estContextLoadTokens=1166 providerTokens=N/A activeHttpPeak=0 httpRetries=0
Conventional run=12: concurrency=32 workers=32 success=32 failed=0 rps=640.2 avgWall=43.9ms p50=45.2ms p95=49.8ms p99=49.9 maxWall=50.0ms toolCalls/flow=9.0 estToolInputTokens=61 estToolOutputTokens=798 estContextLoadTokens=1166 providerTokens=N/A activeHttpPeak=0 httpRetries=0
Conventional run=13: concurrency=32 workers=32 success=32 failed=0 rps=583.3 avgWall=45.7ms p50=46.6ms p95=53.0ms p99=54.4 maxWall=54.9ms toolCalls/flow=9.0 estToolInputTokens=61 estToolOutputTokens=798 estContextLoadTokens=1166 providerTokens=N/A activeHttpPeak=0 httpRetries=0
Conventional run=14: concurrency=32 workers=32 success=32 failed=0 rps=589.6 avgWall=46.9ms p50=47.7ms p95=53.7ms p99=54.2 maxWall=54.3ms toolCalls/flow=9.0 estToolInputTokens=61 estToolOutputTokens=800 estContextLoadTokens=1167 providerTokens=N/A activeHttpPeak=0 httpRetries=0
Conventional run=15: concurrency=32 workers=32 success=32 failed=0 rps=562.8 avgWall=48.4ms p50=49.2ms p95=55.5ms p99=56.8 maxWall=56.9ms toolCalls/flow=9.0 estToolInputTokens=61 estToolOutputTokens=799 estContextLoadTokens=1166 providerTokens=N/A activeHttpPeak=0 httpRetries=0
Conventional run=16: concurrency=32 workers=32 success=32 failed=0 rps=477.6 avgWall=57.5ms p50=57.9ms p95=66.6ms p99=67.0 maxWall=67.0ms toolCalls/flow=9.0 estToolInputTokens=61 estToolOutputTokens=799 estContextLoadTokens=1166 providerTokens=N/A activeHttpPeak=0 httpRetries=0
Conventional run=17: concurrency=32 workers=32 success=32 failed=0 rps=546.9 avgWall=49.7ms p50=50.6ms p95=58.2ms p99=58.5 maxWall=58.5ms toolCalls/flow=9.0 estToolInputTokens=61 estToolOutputTokens=799 estContextLoadTokens=1166 providerTokens=N/A activeHttpPeak=0 httpRetries=0
Conventional run=18: concurrency=32 workers=32 success=32 failed=0 rps=471.0 avgWall=59.1ms p50=60.2ms p95=67.4ms p99=67.9 maxWall=67.9ms toolCalls/flow=9.0 estToolInputTokens=61 estToolOutputTokens=799 estContextLoadTokens=1166 providerTokens=N/A activeHttpPeak=0 httpRetries=0
Conventional run=19: concurrency=32 workers=32 success=32 failed=0 rps=642.2 avgWall=42.9ms p50=43.2ms p95=49.3ms p99=49.7 maxWall=49.8ms toolCalls/flow=9.0 estToolInputTokens=61 estToolOutputTokens=799 estContextLoadTokens=1166 providerTokens=N/A activeHttpPeak=0 httpRetries=0
Conventional run=20: concurrency=32 workers=32 success=32 failed=0 rps=478.5 avgWall=57.2ms p50=57.8ms p95=64.6ms p99=66.5 maxWall=66.9ms toolCalls/flow=9.0 estToolInputTokens=61 estToolOutputTokens=798 estContextLoadTokens=1166 providerTokens=N/A activeHttpPeak=0 httpRetries=0
Conventional run=21: concurrency=32 workers=32 success=32 failed=0 rps=422.3 avgWall=63.6ms p50=64.4ms p95=72.5ms p99=75.1 maxWall=75.8ms toolCalls/flow=9.0 estToolInputTokens=61 estToolOutputTokens=799 estContextLoadTokens=1166 providerTokens=N/A activeHttpPeak=0 httpRetries=0
Conventional run=22: concurrency=32 workers=32 success=32 failed=0 rps=425.3 avgWall=63.1ms p50=64.1ms p95=72.8ms p99=74.6 maxWall=75.2ms toolCalls/flow=9.0 estToolInputTokens=61 estToolOutputTokens=799 estContextLoadTokens=1166 providerTokens=N/A activeHttpPeak=0 httpRetries=0
Conventional run=23: concurrency=32 workers=32 success=32 failed=0 rps=293.9 avgWall=98.3ms p50=102.0ms p95=107.8ms p99=108.8 maxWall=108.9ms toolCalls/flow=9.0 estToolInputTokens=61 estToolOutputTokens=799 estContextLoadTokens=1166 providerTokens=N/A activeHttpPeak=0 httpRetries=0
Conventional run=24: concurrency=32 workers=32 success=32 failed=0 rps=371.6 avgWall=74.3ms p50=75.3ms p95=85.1ms p99=85.9 maxWall=86.1ms toolCalls/flow=9.0 estToolInputTokens=61 estToolOutputTokens=799 estContextLoadTokens=1166 providerTokens=N/A activeHttpPeak=0 httpRetries=0
Conventional run=25: concurrency=32 workers=32 success=32 failed=0 rps=313.5 avgWall=88.0ms p50=89.7ms p95=100.9ms p99=102.0 maxWall=102.1ms toolCalls/flow=9.0 estToolInputTokens=61 estToolOutputTokens=799 estContextLoadTokens=1166 providerTokens=N/A activeHttpPeak=0 httpRetries=0
Conventional run=26: concurrency=32 workers=32 success=32 failed=0 rps=432.8 avgWall=65.3ms p50=67.1ms p95=73.4ms p99=73.8 maxWall=73.9ms toolCalls/flow=9.0 estToolInputTokens=61 estToolOutputTokens=798 estContextLoadTokens=1166 providerTokens=N/A activeHttpPeak=0 httpRetries=0
Conventional run=27: concurrency=32 workers=32 success=32 failed=0 rps=443.8 avgWall=65.7ms p50=66.4ms p95=71.2ms p99=71.9 maxWall=72.1ms toolCalls/flow=9.0 estToolInputTokens=61 estToolOutputTokens=799 estContextLoadTokens=1166 providerTokens=N/A activeHttpPeak=0 httpRetries=0
Conventional run=28: concurrency=32 workers=32 success=32 failed=0 rps=406.0 avgWall=68.3ms p50=68.6ms p95=76.5ms p99=78.1 maxWall=78.8ms toolCalls/flow=9.0 estToolInputTokens=61 estToolOutputTokens=799 estContextLoadTokens=1167 providerTokens=N/A activeHttpPeak=0 httpRetries=0
Conventional run=29: concurrency=32 workers=32 success=32 failed=0 rps=533.4 avgWall=52.3ms p50=51.4ms p95=58.9ms p99=59.7 maxWall=60.0ms toolCalls/flow=9.0 estToolInputTokens=61 estToolOutputTokens=799 estContextLoadTokens=1166 providerTokens=N/A activeHttpPeak=0 httpRetries=0
Conventional run=30: concurrency=32 workers=32 success=32 failed=0 rps=502.6 avgWall=55.5ms p50=57.0ms p95=63.4ms p99=63.6 maxWall=63.7ms toolCalls/flow=9.0 estToolInputTokens=61 estToolOutputTokens=798 estContextLoadTokens=1166 providerTokens=N/A activeHttpPeak=0 httpRetries=0
Foundgine run=1: concurrency=32 workers=32 success=32 failed=0 rps=502.6 avgWall=57.3ms p50=57.4ms p95=61.8ms p99=63.1 maxWall=63.7ms toolCalls/flow=6.0 estToolInputTokens=33 estToolOutputTokens=511 estContextLoadTokens=857 providerTokens=N/A activeHttpPeak=32 httpRetries=0
Foundgine run=2: concurrency=32 workers=32 success=32 failed=0 rps=502.8 avgWall=56.1ms p50=57.0ms p95=62.7ms p99=63.5 maxWall=63.6ms toolCalls/flow=6.0 estToolInputTokens=33 estToolOutputTokens=510 estContextLoadTokens=856 providerTokens=N/A activeHttpPeak=32 httpRetries=0
Foundgine run=3: concurrency=32 workers=32 success=32 failed=0 rps=352.5 avgWall=76.0ms p50=75.8ms p95=86.3ms p99=89.4 maxWall=90.8ms toolCalls/flow=6.0 estToolInputTokens=33 estToolOutputTokens=510 estContextLoadTokens=856 providerTokens=N/A activeHttpPeak=32 httpRetries=0
Foundgine run=4: concurrency=32 workers=32 success=32 failed=0 rps=334.4 avgWall=86.0ms p50=85.9ms p95=94.7ms p99=95.5 maxWall=95.7ms toolCalls/flow=6.0 estToolInputTokens=33 estToolOutputTokens=511 estContextLoadTokens=857 providerTokens=N/A activeHttpPeak=32 httpRetries=0
Foundgine run=5: concurrency=32 workers=32 success=32 failed=0 rps=471.9 avgWall=60.5ms p50=60.1ms p95=66.7ms p99=67.5 maxWall=67.8ms toolCalls/flow=6.0 estToolInputTokens=33 estToolOutputTokens=510 estContextLoadTokens=856 providerTokens=N/A activeHttpPeak=32 httpRetries=0
Foundgine run=6: concurrency=32 workers=32 success=32 failed=0 rps=450.6 avgWall=58.4ms p50=57.6ms p95=68.9ms p99=70.5 maxWall=71.0ms toolCalls/flow=6.0 estToolInputTokens=33 estToolOutputTokens=511 estContextLoadTokens=857 providerTokens=N/A activeHttpPeak=32 httpRetries=0
Foundgine run=7: concurrency=32 workers=32 success=32 failed=0 rps=465.4 avgWall=61.2ms p50=60.9ms p95=67.6ms p99=68.4 maxWall=68.8ms toolCalls/flow=6.0 estToolInputTokens=33 estToolOutputTokens=511 estContextLoadTokens=857 providerTokens=N/A activeHttpPeak=32 httpRetries=0
Foundgine run=8: concurrency=32 workers=32 success=32 failed=0 rps=464.2 avgWall=61.0ms p50=63.7ms p95=67.5ms p99=68.5 maxWall=68.9ms toolCalls/flow=6.0 estToolInputTokens=33 estToolOutputTokens=511 estContextLoadTokens=857 providerTokens=N/A activeHttpPeak=32 httpRetries=0
Foundgine run=9: concurrency=32 workers=32 success=32 failed=0 rps=428.1 avgWall=67.2ms p50=70.8ms p95=73.2ms p99=74.7 maxWall=74.8ms toolCalls/flow=6.0 estToolInputTokens=33 estToolOutputTokens=510 estContextLoadTokens=857 providerTokens=N/A activeHttpPeak=32 httpRetries=0
Foundgine run=10: concurrency=32 workers=32 success=32 failed=0 rps=505.2 avgWall=55.7ms p50=55.7ms p95=62.9ms p99=63.3 maxWall=63.3ms toolCalls/flow=6.0 estToolInputTokens=33 estToolOutputTokens=510 estContextLoadTokens=856 providerTokens=N/A activeHttpPeak=32 httpRetries=0
Foundgine run=11: concurrency=32 workers=32 success=32 failed=0 rps=207.9 avgWall=142.1ms p50=143.1ms p95=150.4ms p99=152.9 maxWall=153.9ms toolCalls/flow=6.0 estToolInputTokens=33 estToolOutputTokens=510 estContextLoadTokens=857 providerTokens=N/A activeHttpPeak=32 httpRetries=0
Foundgine run=12: concurrency=32 workers=32 success=32 failed=0 rps=532.3 avgWall=52.2ms p50=53.1ms p95=59.0ms p99=59.8 maxWall=60.1ms toolCalls/flow=6.0 estToolInputTokens=33 estToolOutputTokens=510 estContextLoadTokens=857 providerTokens=N/A activeHttpPeak=32 httpRetries=0
Foundgine run=13: concurrency=32 workers=32 success=32 failed=0 rps=213.0 avgWall=141.1ms p50=142.3ms p95=147.3ms p99=149.4 maxWall=150.3ms toolCalls/flow=6.0 estToolInputTokens=33 estToolOutputTokens=510 estContextLoadTokens=856 providerTokens=N/A activeHttpPeak=32 httpRetries=0
Foundgine run=14: concurrency=32 workers=32 success=32 failed=0 rps=205.1 avgWall=76.0ms p50=71.0ms p95=112.4ms p99=156.0 maxWall=156.0ms toolCalls/flow=6.0 estToolInputTokens=33 estToolOutputTokens=511 estContextLoadTokens=857 providerTokens=N/A activeHttpPeak=32 httpRetries=0
Foundgine run=15: concurrency=32 workers=32 success=32 failed=0 rps=505.0 avgWall=56.6ms p50=57.2ms p95=62.1ms p99=63.1 maxWall=63.4ms toolCalls/flow=6.0 estToolInputTokens=33 estToolOutputTokens=510 estContextLoadTokens=857 providerTokens=N/A activeHttpPeak=32 httpRetries=0
Foundgine run=16: concurrency=32 workers=32 success=32 failed=0 rps=223.6 avgWall=135.2ms p50=137.3ms p95=141.7ms p99=142.7 maxWall=143.1ms toolCalls/flow=6.0 estToolInputTokens=33 estToolOutputTokens=511 estContextLoadTokens=857 providerTokens=N/A activeHttpPeak=32 httpRetries=0
Foundgine run=17: concurrency=32 workers=32 success=32 failed=0 rps=561.8 avgWall=51.0ms p50=51.9ms p95=56.6ms p99=56.9 maxWall=57.0ms toolCalls/flow=6.0 estToolInputTokens=33 estToolOutputTokens=511 estContextLoadTokens=857 providerTokens=N/A activeHttpPeak=32 httpRetries=0
Foundgine run=18: concurrency=32 workers=32 success=32 failed=0 rps=543.3 avgWall=50.0ms p50=50.2ms p95=56.0ms p99=58.7 maxWall=58.9ms toolCalls/flow=6.0 estToolInputTokens=33 estToolOutputTokens=510 estContextLoadTokens=856 providerTokens=N/A activeHttpPeak=32 httpRetries=0
Foundgine run=19: concurrency=32 workers=32 success=32 failed=0 rps=235.4 avgWall=128.3ms p50=128.3ms p95=134.5ms p99=135.9 maxWall=135.9ms toolCalls/flow=6.0 estToolInputTokens=33 estToolOutputTokens=510 estContextLoadTokens=856 providerTokens=N/A activeHttpPeak=32 httpRetries=0
Foundgine run=20: concurrency=32 workers=32 success=32 failed=0 rps=572.9 avgWall=49.2ms p50=50.0ms p95=55.0ms p99=55.8 maxWall=55.9ms toolCalls/flow=6.0 estToolInputTokens=33 estToolOutputTokens=510 estContextLoadTokens=856 providerTokens=N/A activeHttpPeak=32 httpRetries=0
Foundgine run=21: concurrency=32 workers=32 success=32 failed=0 rps=245.1 avgWall=123.4ms p50=123.3ms p95=129.2ms p99=130.1 maxWall=130.6ms toolCalls/flow=6.0 estToolInputTokens=33 estToolOutputTokens=511 estContextLoadTokens=857 providerTokens=N/A activeHttpPeak=32 httpRetries=0
Foundgine run=22: concurrency=32 workers=32 success=32 failed=0 rps=463.2 avgWall=60.5ms p50=61.0ms p95=67.9ms p99=68.8 maxWall=69.1ms toolCalls/flow=6.0 estToolInputTokens=33 estToolOutputTokens=510 estContextLoadTokens=857 providerTokens=N/A activeHttpPeak=32 httpRetries=0
Foundgine run=23: concurrency=32 workers=32 success=32 failed=0 rps=590.1 avgWall=48.1ms p50=47.8ms p95=53.1ms p99=53.9 maxWall=54.2ms toolCalls/flow=6.0 estToolInputTokens=33 estToolOutputTokens=510 estContextLoadTokens=856 providerTokens=N/A activeHttpPeak=32 httpRetries=0
Foundgine run=24: concurrency=32 workers=32 success=32 failed=0 rps=226.5 avgWall=48.0ms p50=47.3ms p95=49.6ms p99=112.9 maxWall=141.3ms toolCalls/flow=6.0 estToolInputTokens=33 estToolOutputTokens=510 estContextLoadTokens=856 providerTokens=N/A activeHttpPeak=32 httpRetries=0
Foundgine run=25: concurrency=32 workers=32 success=32 failed=0 rps=637.4 avgWall=41.0ms p50=40.7ms p95=47.8ms p99=49.6 maxWall=50.2ms toolCalls/flow=6.0 estToolInputTokens=33 estToolOutputTokens=510 estContextLoadTokens=856 providerTokens=N/A activeHttpPeak=32 httpRetries=0
Foundgine run=26: concurrency=32 workers=32 success=32 failed=0 rps=220.1 avgWall=139.8ms p50=140.5ms p95=145.0ms p99=145.3 maxWall=145.4ms toolCalls/flow=6.0 estToolInputTokens=33 estToolOutputTokens=510 estContextLoadTokens=857 providerTokens=N/A activeHttpPeak=32 httpRetries=0
Foundgine run=27: concurrency=32 workers=32 success=32 failed=0 rps=496.1 avgWall=58.0ms p50=58.8ms p95=63.0ms p99=64.3 maxWall=64.5ms toolCalls/flow=6.0 estToolInputTokens=33 estToolOutputTokens=510 estContextLoadTokens=857 providerTokens=N/A activeHttpPeak=32 httpRetries=0
Foundgine run=28: concurrency=32 workers=32 success=32 failed=0 rps=487.6 avgWall=54.9ms p50=54.7ms p95=63.8ms p99=65.1 maxWall=65.6ms toolCalls/flow=6.0 estToolInputTokens=33 estToolOutputTokens=510 estContextLoadTokens=857 providerTokens=N/A activeHttpPeak=32 httpRetries=0
Foundgine run=29: concurrency=32 workers=32 success=32 failed=0 rps=77.8 avgWall=336.3ms p50=317.9ms p95=409.7ms p99=411.1 maxWall=411.1ms toolCalls/flow=6.0 estToolInputTokens=33 estToolOutputTokens=511 estContextLoadTokens=858 providerTokens=N/A activeHttpPeak=32 httpRetries=0
Foundgine run=30: concurrency=32 workers=32 success=32 failed=0 rps=242.7 avgWall=124.5ms p50=125.5ms p95=131.2ms p99=131.8 maxWall=131.8ms toolCalls/flow=6.0 estToolInputTokens=33 estToolOutputTokens=511 estContextLoadTokens=857 providerTokens=N/A activeHttpPeak=32 httpRetries=0

Concurrency: 32
Estimated context-load saving: 26.5%
Estimated tokens/run â?" Conventional: input=61, output=799, context=1166
Estimated tokens/run â?" Foundgine:    input=33, output=510, context=857
Provider input-token saving: N/A â?" replay mode
Provider total-token saving: N/A â?" replay mode
Tool-call saving: 33.3%
Expected final state verified: False
Verification failures: 23
Expected state: C:\Foundgine\benchmarks\AgentEndToEnd\Run2\artifacts\00010-customers\concurrency-032\expected-state.json
Reports: C:\Foundgine\benchmarks\AgentEndToEnd\Run2\artifacts\00010-customers\concurrency-032\agent-benchmark.json; C:\Foundgine\benchmarks\AgentEndToEnd\Run2\artifacts\00010-customers\concurrency-032\agent-benchmark.md

>>> Concurrency tier: 64

============================================
 Agent benchmark: 10 customers / 30 runs
============================================
WARNING: concurrency=64 exceeds available customers=10; customer IDs will be reused across concurrent flows.
Scenario: customer-exposure-review-query-mutation-query-mutation
Mode: replay; concurrency=64; warmups=5; runs=30; fixtureCustomer=1
Fixture: relationships=4, contracts=12, transactions=48, exposure=48,240.00
Conventional run=1: concurrency=64 workers=64 success=64 failed=0 rps=497.5 avgWall=108.8ms p50=113.6ms p95=124.8ms p99=128.6 maxWall=128.6ms toolCalls/flow=9.0 estToolInputTokens=61 estToolOutputTokens=799 estContextLoadTokens=1166 providerTokens=N/A activeHttpPeak=0 httpRetries=0
Conventional run=2: concurrency=64 workers=64 success=64 failed=0 rps=350.6 avgWall=163.8ms p50=165.1ms p95=178.6ms p99=182.2 maxWall=182.6ms toolCalls/flow=9.0 estToolInputTokens=61 estToolOutputTokens=799 estContextLoadTokens=1166 providerTokens=N/A activeHttpPeak=0 httpRetries=0
Conventional run=3: concurrency=64 workers=64 success=64 failed=0 rps=321.7 avgWall=129.8ms p50=100.9ms p95=198.0ms p99=198.6 maxWall=198.9ms toolCalls/flow=9.0 estToolInputTokens=61 estToolOutputTokens=799 estContextLoadTokens=1166 providerTokens=N/A activeHttpPeak=0 httpRetries=0
Conventional run=4: concurrency=64 workers=64 success=64 failed=0 rps=514.8 avgWall=101.6ms p50=103.3ms p95=119.3ms p99=122.9 maxWall=124.3ms toolCalls/flow=9.0 estToolInputTokens=61 estToolOutputTokens=799 estContextLoadTokens=1166 providerTokens=N/A activeHttpPeak=0 httpRetries=0
Conventional run=5: concurrency=64 workers=64 success=64 failed=0 rps=547.4 avgWall=97.6ms p50=97.8ms p95=114.4ms p99=116.1 maxWall=116.9ms toolCalls/flow=9.0 estToolInputTokens=61 estToolOutputTokens=799 estContextLoadTokens=1167 providerTokens=N/A activeHttpPeak=0 httpRetries=0
Conventional run=6: concurrency=64 workers=64 success=64 failed=0 rps=321.1 avgWall=171.0ms p50=183.4ms p95=196.7ms p99=198.8 maxWall=199.3ms toolCalls/flow=9.0 estToolInputTokens=61 estToolOutputTokens=799 estContextLoadTokens=1166 providerTokens=N/A activeHttpPeak=0 httpRetries=0
Conventional run=7: concurrency=64 workers=64 success=64 failed=0 rps=335.8 avgWall=95.4ms p50=91.3ms p95=186.3ms p99=190.6 maxWall=190.6ms toolCalls/flow=9.0 estToolInputTokens=61 estToolOutputTokens=798 estContextLoadTokens=1166 providerTokens=N/A activeHttpPeak=0 httpRetries=0
Conventional run=8: concurrency=64 workers=64 success=64 failed=0 rps=617.1 avgWall=85.4ms p50=88.2ms p95=99.3ms p99=102.7 maxWall=103.7ms toolCalls/flow=9.0 estToolInputTokens=61 estToolOutputTokens=799 estContextLoadTokens=1166 providerTokens=N/A activeHttpPeak=0 httpRetries=0
Conventional run=9: concurrency=64 workers=64 success=64 failed=0 rps=343.3 avgWall=168.3ms p50=169.2ms p95=184.1ms p99=186.0 maxWall=186.4ms toolCalls/flow=9.0 estToolInputTokens=61 estToolOutputTokens=799 estContextLoadTokens=1166 providerTokens=N/A activeHttpPeak=0 httpRetries=0
Conventional run=10: concurrency=64 workers=64 success=64 failed=0 rps=608.8 avgWall=84.2ms p50=84.3ms p95=100.7ms p99=102.7 maxWall=105.1ms toolCalls/flow=9.0 estToolInputTokens=61 estToolOutputTokens=799 estContextLoadTokens=1166 providerTokens=N/A activeHttpPeak=0 httpRetries=0
Conventional run=11: concurrency=64 workers=64 success=64 failed=0 rps=633.5 avgWall=77.8ms p50=80.1ms p95=96.5ms p99=98.8 maxWall=101.0ms toolCalls/flow=9.0 estToolInputTokens=61 estToolOutputTokens=799 estContextLoadTokens=1167 providerTokens=N/A activeHttpPeak=0 httpRetries=0
Conventional run=12: concurrency=64 workers=64 success=64 failed=0 rps=327.6 avgWall=170.3ms p50=174.8ms p95=190.9ms p99=194.3 maxWall=195.4ms toolCalls/flow=9.0 estToolInputTokens=61 estToolOutputTokens=800 estContextLoadTokens=1167 providerTokens=N/A activeHttpPeak=0 httpRetries=0
Conventional run=13: concurrency=64 workers=64 success=64 failed=0 rps=359.7 avgWall=109.1ms p50=83.4ms p95=177.6ms p99=177.9 maxWall=177.9ms toolCalls/flow=9.0 estToolInputTokens=61 estToolOutputTokens=799 estContextLoadTokens=1166 providerTokens=N/A activeHttpPeak=0 httpRetries=0
Conventional run=14: concurrency=64 workers=64 success=64 failed=0 rps=621.0 avgWall=83.7ms p50=84.8ms p95=102.2ms p99=103.0 maxWall=103.1ms toolCalls/flow=9.0 estToolInputTokens=61 estToolOutputTokens=799 estContextLoadTokens=1166 providerTokens=N/A activeHttpPeak=0 httpRetries=0
Conventional run=15: concurrency=64 workers=64 success=64 failed=0 rps=335.1 avgWall=168.5ms p50=170.1ms p95=186.0ms p99=188.9 maxWall=191.0ms toolCalls/flow=9.0 estToolInputTokens=61 estToolOutputTokens=799 estContextLoadTokens=1166 providerTokens=N/A activeHttpPeak=0 httpRetries=0
Conventional run=16: concurrency=64 workers=64 success=64 failed=0 rps=566.3 avgWall=87.8ms p50=92.3ms p95=108.2ms p99=112.3 maxWall=113.0ms toolCalls/flow=9.0 estToolInputTokens=61 estToolOutputTokens=799 estContextLoadTokens=1166 providerTokens=N/A activeHttpPeak=0 httpRetries=0
Conventional run=17: concurrency=64 workers=64 success=64 failed=0 rps=524.0 avgWall=99.9ms p50=100.9ms p95=117.3ms p99=121.3 maxWall=122.1ms toolCalls/flow=9.0 estToolInputTokens=61 estToolOutputTokens=799 estContextLoadTokens=1166 providerTokens=N/A activeHttpPeak=0 httpRetries=0
Conventional run=18: concurrency=64 workers=64 success=64 failed=0 rps=577.4 avgWall=91.4ms p50=92.2ms p95=105.3ms p99=109.6 maxWall=110.8ms toolCalls/flow=9.0 estToolInputTokens=61 estToolOutputTokens=798 estContextLoadTokens=1166 providerTokens=N/A activeHttpPeak=0 httpRetries=0
Conventional run=19: concurrency=64 workers=64 success=64 failed=0 rps=333.3 avgWall=168.8ms p50=175.9ms p95=189.6ms p99=191.8 maxWall=192.0ms toolCalls/flow=9.0 estToolInputTokens=61 estToolOutputTokens=799 estContextLoadTokens=1166 providerTokens=N/A activeHttpPeak=0 httpRetries=0
Conventional run=20: concurrency=64 workers=64 success=64 failed=0 rps=345.1 avgWall=96.9ms p50=89.8ms p95=182.6ms p99=184.3 maxWall=185.4ms toolCalls/flow=9.0 estToolInputTokens=61 estToolOutputTokens=799 estContextLoadTokens=1166 providerTokens=N/A activeHttpPeak=0 httpRetries=0
Conventional run=21: concurrency=64 workers=64 success=64 failed=0 rps=553.4 avgWall=93.0ms p50=93.0ms p95=109.7ms p99=113.3 maxWall=115.7ms toolCalls/flow=9.0 estToolInputTokens=61 estToolOutputTokens=799 estContextLoadTokens=1166 providerTokens=N/A activeHttpPeak=0 httpRetries=0
Conventional run=22: concurrency=64 workers=64 success=64 failed=0 rps=358.6 avgWall=160.6ms p50=163.0ms p95=177.3ms p99=178.3 maxWall=178.5ms toolCalls/flow=9.0 estToolInputTokens=61 estToolOutputTokens=799 estContextLoadTokens=1166 providerTokens=N/A activeHttpPeak=0 httpRetries=0
Conventional run=23: concurrency=64 workers=64 success=64 failed=0 rps=323.3 avgWall=162.1ms p50=172.5ms p95=195.3ms p99=196.8 maxWall=198.0ms toolCalls/flow=9.0 estToolInputTokens=61 estToolOutputTokens=798 estContextLoadTokens=1166 providerTokens=N/A activeHttpPeak=0 httpRetries=0
Conventional run=24: concurrency=64 workers=64 success=64 failed=0 rps=275.3 avgWall=146.9ms p50=125.3ms p95=229.1ms p99=231.9 maxWall=232.4ms toolCalls/flow=9.0 estToolInputTokens=61 estToolOutputTokens=799 estContextLoadTokens=1166 providerTokens=N/A activeHttpPeak=0 httpRetries=0
Conventional run=25: concurrency=64 workers=64 success=64 failed=0 rps=464.9 avgWall=110.9ms p50=114.4ms p95=134.3ms p99=136.2 maxWall=137.7ms toolCalls/flow=9.0 estToolInputTokens=61 estToolOutputTokens=799 estContextLoadTokens=1167 providerTokens=N/A activeHttpPeak=0 httpRetries=0
Conventional run=26: concurrency=64 workers=64 success=64 failed=0 rps=526.4 avgWall=96.1ms p50=97.5ms p95=115.4ms p99=119.7 maxWall=121.6ms toolCalls/flow=9.0 estToolInputTokens=61 estToolOutputTokens=799 estContextLoadTokens=1166 providerTokens=N/A activeHttpPeak=0 httpRetries=0
Conventional run=27: concurrency=64 workers=64 success=64 failed=0 rps=281.1 avgWall=171.1ms p50=199.4ms p95=218.9ms p99=225.3 maxWall=227.6ms toolCalls/flow=9.0 estToolInputTokens=61 estToolOutputTokens=799 estContextLoadTokens=1166 providerTokens=N/A activeHttpPeak=0 httpRetries=0
Conventional run=28: concurrency=64 workers=64 success=64 failed=0 rps=272.4 avgWall=134.1ms p50=128.5ms p95=234.2ms p99=234.9 maxWall=235.0ms toolCalls/flow=9.0 estToolInputTokens=61 estToolOutputTokens=799 estContextLoadTokens=1166 providerTokens=N/A activeHttpPeak=0 httpRetries=0
Conventional run=29: concurrency=64 workers=64 success=64 failed=0 rps=338.9 avgWall=157.4ms p50=169.0ms p95=184.3ms p99=187.1 maxWall=188.9ms toolCalls/flow=9.0 estToolInputTokens=61 estToolOutputTokens=799 estContextLoadTokens=1166 providerTokens=N/A activeHttpPeak=0 httpRetries=0
Conventional run=30: concurrency=64 workers=64 success=64 failed=0 rps=660.5 avgWall=79.5ms p50=81.5ms p95=94.2ms p99=95.9 maxWall=96.9ms toolCalls/flow=9.0 estToolInputTokens=61 estToolOutputTokens=799 estContextLoadTokens=1166 providerTokens=N/A activeHttpPeak=0 httpRetries=0
Foundgine run=1: concurrency=64 workers=64 success=64 failed=0 rps=345.1 avgWall=174.1ms p50=173.4ms p95=184.0ms p99=185.4 maxWall=185.5ms toolCalls/flow=6.0 estToolInputTokens=33 estToolOutputTokens=510 estContextLoadTokens=856 providerTokens=N/A activeHttpPeak=64 httpRetries=0
Foundgine run=2: concurrency=64 workers=64 success=64 failed=0 rps=264.9 avgWall=212.8ms p50=216.2ms p95=237.5ms p99=240.0 maxWall=241.6ms toolCalls/flow=6.0 estToolInputTokens=33 estToolOutputTokens=512 estContextLoadTokens=858 providerTokens=N/A activeHttpPeak=64 httpRetries=0
Foundgine run=3: concurrency=64 workers=64 success=64 failed=0 rps=452.6 avgWall=121.1ms p50=123.4ms p95=136.8ms p99=141.0 maxWall=141.4ms toolCalls/flow=6.0 estToolInputTokens=33 estToolOutputTokens=511 estContextLoadTokens=858 providerTokens=N/A activeHttpPeak=64 httpRetries=0
Foundgine run=4: concurrency=64 workers=64 success=64 failed=0 rps=483.6 avgWall=118.2ms p50=118.6ms p95=131.5ms p99=132.2 maxWall=132.4ms toolCalls/flow=6.0 estToolInputTokens=33 estToolOutputTokens=510 estContextLoadTokens=857 providerTokens=N/A activeHttpPeak=64 httpRetries=0
Foundgine run=5: concurrency=64 workers=64 success=64 failed=0 rps=604.4 avgWall=91.7ms p50=92.5ms p95=103.8ms p99=105.3 maxWall=105.9ms toolCalls/flow=6.0 estToolInputTokens=33 estToolOutputTokens=512 estContextLoadTokens=858 providerTokens=N/A activeHttpPeak=64 httpRetries=0
Foundgine run=6: concurrency=64 workers=64 success=64 failed=0 rps=566.0 avgWall=95.5ms p50=97.9ms p95=111.7ms p99=113.0 maxWall=113.1ms toolCalls/flow=6.0 estToolInputTokens=33 estToolOutputTokens=512 estContextLoadTokens=859 providerTokens=N/A activeHttpPeak=64 httpRetries=0
Foundgine run=7: concurrency=64 workers=64 success=64 failed=0 rps=233.4 avgWall=177.7ms p50=189.2ms p95=273.5ms p99=274.1 maxWall=274.2ms toolCalls/flow=6.0 estToolInputTokens=33 estToolOutputTokens=511 estContextLoadTokens=857 providerTokens=N/A activeHttpPeak=64 httpRetries=0
Foundgine run=8: concurrency=64 workers=64 success=64 failed=0 rps=626.5 avgWall=88.4ms p50=90.1ms p95=101.6ms p99=102.0 maxWall=102.2ms toolCalls/flow=6.0 estToolInputTokens=33 estToolOutputTokens=511 estContextLoadTokens=857 providerTokens=N/A activeHttpPeak=64 httpRetries=0
Foundgine run=9: concurrency=64 workers=64 success=64 failed=0 rps=535.0 avgWall=106.4ms p50=110.0ms p95=117.0ms p99=118.8 maxWall=119.6ms toolCalls/flow=6.0 estToolInputTokens=33 estToolOutputTokens=511 estContextLoadTokens=857 providerTokens=N/A activeHttpPeak=64 httpRetries=0
Foundgine run=10: concurrency=64 workers=64 success=64 failed=0 rps=343.2 avgWall=110.6ms p50=111.0ms p95=118.3ms p99=185.5 maxWall=186.5ms toolCalls/flow=6.0 estToolInputTokens=33 estToolOutputTokens=511 estContextLoadTokens=857 providerTokens=N/A activeHttpPeak=64 httpRetries=0
Foundgine run=11: concurrency=64 workers=64 success=64 failed=0 rps=622.6 avgWall=86.4ms p50=87.6ms p95=101.0ms p99=102.6 maxWall=102.8ms toolCalls/flow=6.0 estToolInputTokens=33 estToolOutputTokens=512 estContextLoadTokens=859 providerTokens=N/A activeHttpPeak=64 httpRetries=0
Foundgine run=12: concurrency=64 workers=64 success=64 failed=0 rps=548.5 avgWall=94.9ms p50=96.6ms p95=111.4ms p99=115.8 maxWall=116.7ms toolCalls/flow=6.0 estToolInputTokens=33 estToolOutputTokens=511 estContextLoadTokens=857 providerTokens=N/A activeHttpPeak=64 httpRetries=0
Foundgine run=13: concurrency=64 workers=64 success=64 failed=0 rps=351.5 avgWall=170.0ms p50=170.8ms p95=180.5ms p99=181.7 maxWall=182.1ms toolCalls/flow=6.0 estToolInputTokens=33 estToolOutputTokens=512 estContextLoadTokens=858 providerTokens=N/A activeHttpPeak=64 httpRetries=0
Foundgine run=14: concurrency=64 workers=64 success=64 failed=0 rps=321.6 avgWall=180.4ms p50=185.9ms p95=197.8ms p99=198.9 maxWall=199.0ms toolCalls/flow=6.0 estToolInputTokens=33 estToolOutputTokens=513 estContextLoadTokens=859 providerTokens=N/A activeHttpPeak=64 httpRetries=0
Foundgine run=15: concurrency=64 workers=64 success=64 failed=0 rps=322.4 avgWall=186.5ms p50=188.5ms p95=197.4ms p99=198.1 maxWall=198.5ms toolCalls/flow=6.0 estToolInputTokens=33 estToolOutputTokens=511 estContextLoadTokens=857 providerTokens=N/A activeHttpPeak=64 httpRetries=0
Foundgine run=16: concurrency=64 workers=64 success=64 failed=0 rps=323.5 avgWall=188.3ms p50=191.0ms p95=196.0ms p99=197.6 maxWall=197.8ms toolCalls/flow=6.0 estToolInputTokens=33 estToolOutputTokens=511 estContextLoadTokens=857 providerTokens=N/A activeHttpPeak=64 httpRetries=0
Foundgine run=17: concurrency=64 workers=64 success=64 failed=0 rps=333.0 avgWall=180.6ms p50=182.9ms p95=189.4ms p99=190.7 maxWall=192.2ms toolCalls/flow=6.0 estToolInputTokens=33 estToolOutputTokens=512 estContextLoadTokens=858 providerTokens=N/A activeHttpPeak=64 httpRetries=0
Foundgine run=18: concurrency=64 workers=64 success=64 failed=0 rps=575.8 avgWall=92.4ms p50=97.3ms p95=104.3ms p99=107.7 maxWall=111.1ms toolCalls/flow=6.0 estToolInputTokens=33 estToolOutputTokens=512 estContextLoadTokens=858 providerTokens=N/A activeHttpPeak=64 httpRetries=0
Foundgine run=19: concurrency=64 workers=64 success=64 failed=0 rps=329.4 avgWall=183.6ms p50=185.9ms p95=193.0ms p99=194.3 maxWall=194.3ms toolCalls/flow=6.0 estToolInputTokens=33 estToolOutputTokens=511 estContextLoadTokens=857 providerTokens=N/A activeHttpPeak=64 httpRetries=0
Foundgine run=20: concurrency=64 workers=64 success=64 failed=0 rps=283.7 avgWall=212.3ms p50=213.8ms p95=223.9ms p99=225.2 maxWall=225.6ms toolCalls/flow=6.0 estToolInputTokens=33 estToolOutputTokens=511 estContextLoadTokens=858 providerTokens=N/A activeHttpPeak=64 httpRetries=0
Foundgine run=21: concurrency=64 workers=64 success=64 failed=0 rps=556.5 avgWall=100.0ms p50=102.8ms p95=113.9ms p99=114.5 maxWall=115.0ms toolCalls/flow=6.0 estToolInputTokens=33 estToolOutputTokens=512 estContextLoadTokens=858 providerTokens=N/A activeHttpPeak=64 httpRetries=0
Foundgine run=22: concurrency=64 workers=64 success=64 failed=0 rps=548.9 avgWall=102.0ms p50=103.5ms p95=115.0ms p99=115.9 maxWall=116.6ms toolCalls/flow=6.0 estToolInputTokens=33 estToolOutputTokens=511 estContextLoadTokens=857 providerTokens=N/A activeHttpPeak=64 httpRetries=0
Foundgine run=23: concurrency=64 workers=64 success=64 failed=0 rps=662.8 avgWall=82.4ms p50=83.2ms p95=93.6ms p99=95.3 maxWall=96.6ms toolCalls/flow=6.0 estToolInputTokens=33 estToolOutputTokens=511 estContextLoadTokens=857 providerTokens=N/A activeHttpPeak=64 httpRetries=0
Foundgine run=24: concurrency=64 workers=64 success=64 failed=0 rps=597.2 avgWall=95.9ms p50=97.7ms p95=104.9ms p99=106.2 maxWall=107.2ms toolCalls/flow=6.0 estToolInputTokens=33 estToolOutputTokens=512 estContextLoadTokens=858 providerTokens=N/A activeHttpPeak=64 httpRetries=0
Foundgine run=25: concurrency=64 workers=64 success=64 failed=0 rps=334.7 avgWall=178.7ms p50=183.6ms p95=190.6ms p99=191.0 maxWall=191.2ms toolCalls/flow=6.0 estToolInputTokens=33 estToolOutputTokens=511 estContextLoadTokens=858 providerTokens=N/A activeHttpPeak=64 httpRetries=0
Foundgine run=26: concurrency=64 workers=64 success=64 failed=0 rps=376.1 avgWall=97.4ms p50=82.2ms p95=167.8ms p99=170.1 maxWall=170.2ms toolCalls/flow=6.0 estToolInputTokens=33 estToolOutputTokens=512 estContextLoadTokens=858 providerTokens=N/A activeHttpPeak=64 httpRetries=0
Foundgine run=27: concurrency=64 workers=64 success=64 failed=0 rps=543.7 avgWall=90.5ms p50=90.9ms p95=114.8ms p99=116.5 maxWall=117.7ms toolCalls/flow=6.0 estToolInputTokens=33 estToolOutputTokens=511 estContextLoadTokens=858 providerTokens=N/A activeHttpPeak=64 httpRetries=0
Foundgine run=28: concurrency=64 workers=64 success=64 failed=0 rps=368.3 avgWall=155.5ms p50=160.6ms p95=171.3ms p99=173.3 maxWall=173.8ms toolCalls/flow=6.0 estToolInputTokens=33 estToolOutputTokens=513 estContextLoadTokens=859 providerTokens=N/A activeHttpPeak=64 httpRetries=0
Foundgine run=29: concurrency=64 workers=64 success=64 failed=0 rps=589.7 avgWall=95.1ms p50=93.4ms p95=107.3ms p99=107.8 maxWall=108.5ms toolCalls/flow=6.0 estToolInputTokens=33 estToolOutputTokens=511 estContextLoadTokens=858 providerTokens=N/A activeHttpPeak=64 httpRetries=0
Foundgine run=30: concurrency=64 workers=64 success=64 failed=0 rps=324.4 avgWall=177.2ms p50=178.7ms p95=193.9ms p99=196.9 maxWall=197.3ms toolCalls/flow=6.0 estToolInputTokens=33 estToolOutputTokens=511 estContextLoadTokens=857 providerTokens=N/A activeHttpPeak=64 httpRetries=0

Concurrency: 64
Estimated context-load saving: 26.5%
Estimated tokens/run â?" Conventional: input=61, output=799, context=1166
Estimated tokens/run â?" Foundgine:    input=33, output=511, context=858
Provider input-token saving: N/A â?" replay mode
Provider total-token saving: N/A â?" replay mode
Tool-call saving: 33.3%
Expected final state verified: False
Verification failures: 298
Expected state: C:\Foundgine\benchmarks\AgentEndToEnd\Run2\artifacts\00010-customers\concurrency-064\expected-state.json
Reports: C:\Foundgine\benchmarks\AgentEndToEnd\Run2\artifacts\00010-customers\concurrency-064\agent-benchmark.json; C:\Foundgine\benchmarks\AgentEndToEnd\Run2\artifacts\00010-customers\concurrency-064\agent-benchmark.md
Removing benchmark containers and PostgreSQL volume...
Starting PostgreSQL 17 benchmark container on host port 53557...
 Network foundgine-agent-e2e_default Creating 
 Network foundgine-agent-e2e_default Created 
 Volume foundgine-agent-e2e_agent-e2e-postgres-data Creating 
 Volume foundgine-agent-e2e_agent-e2e-postgres-data Created 
 Container foundgine-agent-e2e-postgres-1 Creating 
 Container foundgine-agent-e2e-postgres-1 Created 
 Container foundgine-agent-e2e-postgres-1 Starting 
 Container foundgine-agent-e2e-postgres-1 Started 
Waiting for PostgreSQL...
Seeding fixture: 100 customers ...
Seeding 100 customers, 400 relationships, 1,200 contracts and 4,800 transactions...
Seeded: 100 customers, 400 relationships, 1,200 contracts, 4,800 transactions.
Benchmark graph for Customer 1: 4 relationships -> 12 contracts -> 48 transactions.
Customer 1 is the deterministic benchmark target.
Building and starting Foundgine warm benchmark API...
 Image foundgine-agent-e2e-foundgine-warm Building 
#1 [internal] load local bake definitions
#1 reading from stdin 612B done
#1 DONE 0.0s

#2 [internal] load build definition from Dockerfile
#2 transferring dockerfile: 1.18kB done
#2 DONE 0.0s

#3 [internal] load metadata for mcr.microsoft.com/dotnet/aspnet:9.0
#3 ...

#4 [internal] load metadata for mcr.microsoft.com/dotnet/sdk:9.0
#4 DONE 0.4s

#3 [internal] load metadata for mcr.microsoft.com/dotnet/aspnet:9.0
#3 DONE 0.7s

#5 [internal] load .dockerignore
#5 transferring context: 216B done
#5 DONE 0.0s

#6 [build 1/5] FROM mcr.microsoft.com/dotnet/sdk:9.0@sha256:35048e3a81e6a07c316e7bbbd80d80d2ba705fe5f23a8ed42b6638c8f4c20d30
#6 resolve mcr.microsoft.com/dotnet/sdk:9.0@sha256:35048e3a81e6a07c316e7bbbd80d80d2ba705fe5f23a8ed42b6638c8f4c20d30 0.0s done
#6 DONE 0.0s

#7 [stage-1 1/4] FROM mcr.microsoft.com/dotnet/aspnet:9.0@sha256:4e376dd15bbc8437d4892367ab0ea06a3ac9fea482d10f92f3c493fe1a2219ad
#7 resolve mcr.microsoft.com/dotnet/aspnet:9.0@sha256:4e376dd15bbc8437d4892367ab0ea06a3ac9fea482d10f92f3c493fe1a2219ad 0.0s done
#7 DONE 0.0s

#8 [internal] load build context
#8 transferring context: 63.87MB 0.7s done
#8 DONE 0.7s

#9 [build 2/5] WORKDIR /src
#9 CACHED

#10 [build 3/5] COPY . .
#10 DONE 3.1s

#11 [build 4/5] RUN dotnet restore     benchmarks/CoffeeBeanery.Performance/Foundgine.CoffeeBeanery.BenchmarkApi/Foundgine.CoffeeBeanery.BenchmarkApi.csproj
#11 0.882   Determining projects to restore...
#11 1.856   Restored /src/src/Foundgine.Abstractions/Foundgine.Abstractions.csproj (in 103 ms).
#11 1.856   Restored /src/src/Foundgine.Planning/Foundgine.Planning.csproj (in 116 ms).
#11 1.856   Restored /src/src/Foundgine.Semantics/Foundgine.Semantics.csproj (in 115 ms).
#11 1.856   Restored /src/src/Foundgine.Sql/Foundgine.Sql.csproj (in 116 ms).
#11 1.856   Restored /src/src/Foundgine.Execution/Foundgine.Execution.csproj (in 115 ms).
#11 1.863   Restored /src/src/Foundgine.Metadata/Foundgine.Metadata.csproj (in 2 ms).
#11 4.171   Restored /src/src/Foundgine.GraphQL.HotChocolate/Foundgine.GraphQL.HotChocolate.csproj (in 2.46 sec).
#11 4.171   Restored /src/src/Foundgine.GraphQL.HotChocolate.Mutations/Foundgine.GraphQL.HotChocolate.Mutations.csproj (in 2.46 sec).
#11 4.171   Restored /src/benchmarks/CoffeeBeanery.Performance/Foundgine.CoffeeBeanery.BenchmarkApi/Foundgine.CoffeeBeanery.BenchmarkApi.csproj (in 2.46 sec).
#11 DONE 4.5s

#12 [build 5/5] RUN dotnet publish     benchmarks/CoffeeBeanery.Performance/Foundgine.CoffeeBeanery.BenchmarkApi/Foundgine.CoffeeBeanery.BenchmarkApi.csproj     -c Release     -o /app/publish
#12 1.041   Determining projects to restore...
#12 2.146   All projects are up-to-date for restore.
#12 4.704   Foundgine.Abstractions -> /src/src/Foundgine.Abstractions/bin/Release/net9.0/Foundgine.Abstractions.dll
#12 5.287   Foundgine.Metadata -> /src/src/Foundgine.Metadata/bin/Release/net9.0/Foundgine.Metadata.dll
#12 5.403   Foundgine.Semantics -> /src/src/Foundgine.Semantics/bin/Release/net9.0/Foundgine.Semantics.dll
#12 6.017   Foundgine.GraphQL.HotChocolate -> /src/src/Foundgine.GraphQL.HotChocolate/bin/Release/net9.0/Foundgine.GraphQL.HotChocolate.dll
#12 6.194   Foundgine.Planning -> /src/src/Foundgine.Planning/bin/Release/net9.0/Foundgine.Planning.dll
#12 6.582   Foundgine.Execution -> /src/src/Foundgine.Execution/bin/Release/net9.0/Foundgine.Execution.dll
#12 7.066   Foundgine.GraphQL.HotChocolate.Mutations -> /src/src/Foundgine.GraphQL.HotChocolate.Mutations/bin/Release/net9.0/Foundgine.GraphQL.HotChocolate.Mutations.dll
#12 7.258   Foundgine.Sql -> /src/src/Foundgine.Sql/bin/Release/net9.0/Foundgine.Sql.dll
#12 8.195   Foundgine.CoffeeBeanery.BenchmarkApi -> /src/benchmarks/CoffeeBeanery.Performance/Foundgine.CoffeeBeanery.BenchmarkApi/bin/Release/net9.0/Foundgine.CoffeeBeanery.BenchmarkApi.dll
#12 8.256   Foundgine.CoffeeBeanery.BenchmarkApi -> /app/publish/
#12 DONE 8.5s

#13 [stage-1 2/4] RUN apt-get update     && apt-get install -y --no-install-recommends curl     && rm -rf /var/lib/apt/lists/*
#13 CACHED

#14 [stage-1 3/4] WORKDIR /app
#14 CACHED

#15 [stage-1 4/4] COPY --from=build /app/publish .
#15 CACHED

#16 exporting to image
#16 exporting layers done
#16 exporting manifest sha256:87c50c2e90b3b1413384722fde9760e02d9f66c9ec8a46542830611196e6cc8e done
#16 exporting config sha256:d5586ffa1cf0571bfc01638578f29b0522095c33f67d97fd4beb877511fe64f7 done
#16 exporting attestation manifest sha256:1a03819185cb4a5398a0db6b9a5f6f4ea2cd8cbbc50ad73323c75fabb72f3f39
#16 exporting attestation manifest sha256:1a03819185cb4a5398a0db6b9a5f6f4ea2cd8cbbc50ad73323c75fabb72f3f39 0.0s done
#16 exporting manifest list sha256:61fbe8be6aad080e4295e95fbacf41e35c4fa9d79721348c317e06ba9ab86155 0.0s done
#16 naming to docker.io/library/foundgine-agent-e2e-foundgine-warm:latest done
#16 unpacking to docker.io/library/foundgine-agent-e2e-foundgine-warm:latest 0.0s done
#16 DONE 0.2s

#17 resolving provenance for metadata file
#17 DONE 0.0s
 Image foundgine-agent-e2e-foundgine-warm Built 
 Container foundgine-agent-e2e-foundgine-warm-1 Creating 
 Container foundgine-agent-e2e-foundgine-warm-1 Created 
 Container foundgine-agent-e2e-foundgine-warm-1 Starting 
 Container foundgine-agent-e2e-foundgine-warm-1 Started 
Waiting for http://localhost:4302/health/ready ...

>>> Concurrency tier: 64

============================================
 Agent benchmark: 100 customers / 30 runs
============================================
Scenario: customer-exposure-review-query-mutation-query-mutation
Mode: replay; concurrency=64; warmups=5; runs=30; fixtureCustomer=1
Fixture: relationships=4, contracts=12, transactions=48, exposure=48,240.00
Conventional run=1: concurrency=64 workers=64 success=64 failed=0 rps=444.5 avgWall=123.2ms p50=127.7ms p95=143.4ms p99=143.9 maxWall=144.0ms toolCalls/flow=9.0 estToolInputTokens=63 estToolOutputTokens=814 estContextLoadTokens=1184 providerTokens=N/A activeHttpPeak=0 httpRetries=0
Conventional run=2: concurrency=64 workers=64 success=64 failed=0 rps=466.1 avgWall=115.3ms p50=119.7ms p95=132.8ms p99=135.6 maxWall=137.3ms toolCalls/flow=9.0 estToolInputTokens=63 estToolOutputTokens=814 estContextLoadTokens=1184 providerTokens=N/A activeHttpPeak=0 httpRetries=0
Conventional run=3: concurrency=64 workers=64 success=64 failed=0 rps=663.4 avgWall=78.1ms p50=78.0ms p95=94.8ms p99=96.3 maxWall=96.5ms toolCalls/flow=9.0 estToolInputTokens=63 estToolOutputTokens=814 estContextLoadTokens=1184 providerTokens=N/A activeHttpPeak=0 httpRetries=0
Conventional run=4: concurrency=64 workers=64 success=64 failed=0 rps=569.2 avgWall=90.3ms p50=89.2ms p95=108.5ms p99=111.5 maxWall=112.4ms toolCalls/flow=9.0 estToolInputTokens=63 estToolOutputTokens=814 estContextLoadTokens=1184 providerTokens=N/A activeHttpPeak=0 httpRetries=0
Conventional run=5: concurrency=64 workers=64 success=64 failed=0 rps=601.0 avgWall=89.7ms p50=92.0ms p95=105.5ms p99=106.5 maxWall=106.5ms toolCalls/flow=9.0 estToolInputTokens=63 estToolOutputTokens=814 estContextLoadTokens=1184 providerTokens=N/A activeHttpPeak=0 httpRetries=0
Conventional run=6: concurrency=64 workers=64 success=64 failed=0 rps=600.9 avgWall=88.2ms p50=91.2ms p95=105.2ms p99=106.1 maxWall=106.5ms toolCalls/flow=9.0 estToolInputTokens=63 estToolOutputTokens=814 estContextLoadTokens=1184 providerTokens=N/A activeHttpPeak=0 httpRetries=0
Conventional run=7: concurrency=64 workers=64 success=64 failed=0 rps=313.0 avgWall=173.4ms p50=183.5ms p95=201.8ms p99=203.7 maxWall=204.5ms toolCalls/flow=9.0 estToolInputTokens=63 estToolOutputTokens=814 estContextLoadTokens=1184 providerTokens=N/A activeHttpPeak=0 httpRetries=0
Conventional run=8: concurrency=64 workers=64 success=64 failed=0 rps=525.7 avgWall=108.3ms p50=110.2ms p95=118.9ms p99=121.2 maxWall=121.7ms toolCalls/flow=9.0 estToolInputTokens=63 estToolOutputTokens=814 estContextLoadTokens=1184 providerTokens=N/A activeHttpPeak=0 httpRetries=0
Conventional run=9: concurrency=64 workers=64 success=64 failed=0 rps=583.7 avgWall=94.5ms p50=95.9ms p95=107.2ms p99=109.4 maxWall=109.6ms toolCalls/flow=9.0 estToolInputTokens=63 estToolOutputTokens=814 estContextLoadTokens=1184 providerTokens=N/A activeHttpPeak=0 httpRetries=0
Conventional run=10: concurrency=64 workers=64 success=64 failed=0 rps=713.1 avgWall=79.6ms p50=79.8ms p95=88.9ms p99=89.6 maxWall=89.8ms toolCalls/flow=9.0 estToolInputTokens=63 estToolOutputTokens=814 estContextLoadTokens=1184 providerTokens=N/A activeHttpPeak=0 httpRetries=0
Conventional run=11: concurrency=64 workers=64 success=64 failed=0 rps=679.0 avgWall=79.7ms p50=83.6ms p95=91.9ms p99=93.5 maxWall=94.3ms toolCalls/flow=9.0 estToolInputTokens=63 estToolOutputTokens=814 estContextLoadTokens=1184 providerTokens=N/A activeHttpPeak=0 httpRetries=0
Conventional run=12: concurrency=64 workers=64 success=64 failed=0 rps=701.6 avgWall=76.8ms p50=77.6ms p95=89.8ms p99=91.0 maxWall=91.2ms toolCalls/flow=9.0 estToolInputTokens=63 estToolOutputTokens=814 estContextLoadTokens=1184 providerTokens=N/A activeHttpPeak=0 httpRetries=0
Conventional run=13: concurrency=64 workers=64 success=64 failed=0 rps=708.6 avgWall=77.8ms p50=78.8ms p95=89.0ms p99=90.1 maxWall=90.3ms toolCalls/flow=9.0 estToolInputTokens=63 estToolOutputTokens=814 estContextLoadTokens=1184 providerTokens=N/A activeHttpPeak=0 httpRetries=0
Conventional run=14: concurrency=64 workers=64 success=64 failed=0 rps=625.9 avgWall=86.9ms p50=88.3ms p95=99.1ms p99=101.4 maxWall=102.3ms toolCalls/flow=9.0 estToolInputTokens=63 estToolOutputTokens=814 estContextLoadTokens=1184 providerTokens=N/A activeHttpPeak=0 httpRetries=0
Conventional run=15: concurrency=64 workers=64 success=64 failed=0 rps=611.3 avgWall=87.8ms p50=90.1ms p95=101.1ms p99=104.5 maxWall=104.7ms toolCalls/flow=9.0 estToolInputTokens=63 estToolOutputTokens=814 estContextLoadTokens=1184 providerTokens=N/A activeHttpPeak=0 httpRetries=0
Conventional run=16: concurrency=64 workers=64 success=64 failed=0 rps=612.0 avgWall=87.6ms p50=88.7ms p95=101.6ms p99=103.2 maxWall=104.6ms toolCalls/flow=9.0 estToolInputTokens=63 estToolOutputTokens=814 estContextLoadTokens=1184 providerTokens=N/A activeHttpPeak=0 httpRetries=0
Conventional run=17: concurrency=64 workers=64 success=64 failed=0 rps=575.3 avgWall=91.8ms p50=93.5ms p95=109.3ms p99=110.9 maxWall=111.2ms toolCalls/flow=9.0 estToolInputTokens=63 estToolOutputTokens=814 estContextLoadTokens=1184 providerTokens=N/A activeHttpPeak=0 httpRetries=0
Conventional run=18: concurrency=64 workers=64 success=64 failed=0 rps=749.6 avgWall=72.6ms p50=75.5ms p95=84.8ms p99=85.2 maxWall=85.4ms toolCalls/flow=9.0 estToolInputTokens=63 estToolOutputTokens=814 estContextLoadTokens=1184 providerTokens=N/A activeHttpPeak=0 httpRetries=0
Conventional run=19: concurrency=64 workers=64 success=64 failed=0 rps=699.6 avgWall=75.4ms p50=78.2ms p95=89.4ms p99=91.0 maxWall=91.5ms toolCalls/flow=9.0 estToolInputTokens=63 estToolOutputTokens=814 estContextLoadTokens=1184 providerTokens=N/A activeHttpPeak=0 httpRetries=0
Conventional run=20: concurrency=64 workers=64 success=64 failed=0 rps=740.6 avgWall=72.3ms p50=74.6ms p95=84.4ms p99=85.8 maxWall=86.4ms toolCalls/flow=9.0 estToolInputTokens=63 estToolOutputTokens=814 estContextLoadTokens=1184 providerTokens=N/A activeHttpPeak=0 httpRetries=0
Conventional run=21: concurrency=64 workers=64 success=64 failed=0 rps=674.0 avgWall=79.0ms p50=80.1ms p95=92.4ms p99=94.8 maxWall=94.9ms toolCalls/flow=9.0 estToolInputTokens=63 estToolOutputTokens=814 estContextLoadTokens=1184 providerTokens=N/A activeHttpPeak=0 httpRetries=0
Conventional run=22: concurrency=64 workers=64 success=64 failed=0 rps=579.5 avgWall=91.7ms p50=92.4ms p95=108.7ms p99=110.2 maxWall=110.4ms toolCalls/flow=9.0 estToolInputTokens=63 estToolOutputTokens=814 estContextLoadTokens=1184 providerTokens=N/A activeHttpPeak=0 httpRetries=0
Conventional run=23: concurrency=64 workers=64 success=64 failed=0 rps=615.7 avgWall=85.0ms p50=84.8ms p95=100.8ms p99=103.0 maxWall=103.9ms toolCalls/flow=9.0 estToolInputTokens=63 estToolOutputTokens=814 estContextLoadTokens=1184 providerTokens=N/A activeHttpPeak=0 httpRetries=0
Conventional run=24: concurrency=64 workers=64 success=64 failed=0 rps=609.2 avgWall=87.6ms p50=91.1ms p95=102.7ms p99=104.5 maxWall=105.1ms toolCalls/flow=9.0 estToolInputTokens=63 estToolOutputTokens=814 estContextLoadTokens=1184 providerTokens=N/A activeHttpPeak=0 httpRetries=0
Conventional run=25: concurrency=64 workers=64 success=64 failed=0 rps=632.3 avgWall=84.2ms p50=86.7ms p95=99.7ms p99=100.9 maxWall=101.2ms toolCalls/flow=9.0 estToolInputTokens=63 estToolOutputTokens=814 estContextLoadTokens=1184 providerTokens=N/A activeHttpPeak=0 httpRetries=0
Conventional run=26: concurrency=64 workers=64 success=64 failed=0 rps=641.7 avgWall=83.5ms p50=85.1ms p95=97.3ms p99=99.0 maxWall=99.7ms toolCalls/flow=9.0 estToolInputTokens=63 estToolOutputTokens=814 estContextLoadTokens=1184 providerTokens=N/A activeHttpPeak=0 httpRetries=0
Conventional run=27: concurrency=64 workers=64 success=64 failed=0 rps=710.5 avgWall=74.6ms p50=75.8ms p95=89.2ms p99=90.0 maxWall=90.1ms toolCalls/flow=9.0 estToolInputTokens=63 estToolOutputTokens=814 estContextLoadTokens=1184 providerTokens=N/A activeHttpPeak=0 httpRetries=0
Conventional run=28: concurrency=64 workers=64 success=64 failed=0 rps=711.4 avgWall=74.3ms p50=76.2ms p95=86.7ms p99=89.6 maxWall=90.0ms toolCalls/flow=9.0 estToolInputTokens=63 estToolOutputTokens=814 estContextLoadTokens=1184 providerTokens=N/A activeHttpPeak=0 httpRetries=0
Conventional run=29: concurrency=64 workers=64 success=64 failed=0 rps=618.0 avgWall=86.2ms p50=88.3ms p95=101.6ms p99=103.4 maxWall=103.6ms toolCalls/flow=9.0 estToolInputTokens=63 estToolOutputTokens=814 estContextLoadTokens=1184 providerTokens=N/A activeHttpPeak=0 httpRetries=0
Conventional run=30: concurrency=64 workers=64 success=64 failed=0 rps=636.2 avgWall=82.8ms p50=87.2ms p95=96.8ms p99=98.4 maxWall=100.6ms toolCalls/flow=9.0 estToolInputTokens=63 estToolOutputTokens=814 estContextLoadTokens=1184 providerTokens=N/A activeHttpPeak=0 httpRetries=0
Foundgine run=1: concurrency=64 workers=64 success=64 failed=0 rps=483.3 avgWall=114.0ms p50=116.4ms p95=128.6ms p99=132.0 maxWall=132.4ms toolCalls/flow=6.0 estToolInputTokens=34 estToolOutputTokens=515 estContextLoadTokens=863 providerTokens=N/A activeHttpPeak=64 httpRetries=0
Foundgine run=2: concurrency=64 workers=64 success=64 failed=0 rps=334.7 avgWall=168.5ms p50=169.3ms p95=185.4ms p99=188.9 maxWall=191.2ms toolCalls/flow=6.0 estToolInputTokens=34 estToolOutputTokens=515 estContextLoadTokens=863 providerTokens=N/A activeHttpPeak=64 httpRetries=0
Foundgine run=3: concurrency=64 workers=64 success=64 failed=0 rps=534.1 avgWall=99.7ms p50=101.3ms p95=116.7ms p99=118.8 maxWall=119.8ms toolCalls/flow=6.0 estToolInputTokens=34 estToolOutputTokens=515 estContextLoadTokens=863 providerTokens=N/A activeHttpPeak=64 httpRetries=0
Foundgine run=4: concurrency=64 workers=64 success=64 failed=0 rps=499.9 avgWall=112.9ms p50=113.3ms p95=124.0ms p99=126.4 maxWall=128.0ms toolCalls/flow=6.0 estToolInputTokens=34 estToolOutputTokens=515 estContextLoadTokens=863 providerTokens=N/A activeHttpPeak=64 httpRetries=0
Foundgine run=5: concurrency=64 workers=64 success=64 failed=0 rps=592.6 avgWall=91.7ms p50=90.2ms p95=106.1ms p99=107.9 maxWall=108.0ms toolCalls/flow=6.0 estToolInputTokens=34 estToolOutputTokens=515 estContextLoadTokens=863 providerTokens=N/A activeHttpPeak=64 httpRetries=0
Foundgine run=6: concurrency=64 workers=64 success=64 failed=0 rps=520.5 avgWall=106.1ms p50=107.3ms p95=115.5ms p99=119.7 maxWall=123.0ms toolCalls/flow=6.0 estToolInputTokens=34 estToolOutputTokens=515 estContextLoadTokens=863 providerTokens=N/A activeHttpPeak=64 httpRetries=0
Foundgine run=7: concurrency=64 workers=64 success=64 failed=0 rps=569.5 avgWall=94.7ms p50=94.3ms p95=110.5ms p99=111.6 maxWall=112.4ms toolCalls/flow=6.0 estToolInputTokens=34 estToolOutputTokens=515 estContextLoadTokens=863 providerTokens=N/A activeHttpPeak=64 httpRetries=0
Foundgine run=8: concurrency=64 workers=64 success=64 failed=0 rps=397.9 avgWall=145.3ms p50=148.2ms p95=158.7ms p99=160.4 maxWall=160.8ms toolCalls/flow=6.0 estToolInputTokens=34 estToolOutputTokens=515 estContextLoadTokens=863 providerTokens=N/A activeHttpPeak=64 httpRetries=0
Foundgine run=9: concurrency=64 workers=64 success=64 failed=0 rps=457.9 avgWall=126.2ms p50=129.1ms p95=137.4ms p99=139.5 maxWall=139.8ms toolCalls/flow=6.0 estToolInputTokens=34 estToolOutputTokens=515 estContextLoadTokens=863 providerTokens=N/A activeHttpPeak=64 httpRetries=0
Foundgine run=10: concurrency=64 workers=64 success=64 failed=0 rps=446.8 avgWall=127.8ms p50=129.2ms p95=139.4ms p99=142.0 maxWall=143.2ms toolCalls/flow=6.0 estToolInputTokens=34 estToolOutputTokens=515 estContextLoadTokens=863 providerTokens=N/A activeHttpPeak=64 httpRetries=0
Foundgine run=11: concurrency=64 workers=64 success=64 failed=0 rps=425.3 avgWall=134.8ms p50=137.0ms p95=148.1ms p99=150.0 maxWall=150.5ms toolCalls/flow=6.0 estToolInputTokens=34 estToolOutputTokens=515 estContextLoadTokens=863 providerTokens=N/A activeHttpPeak=64 httpRetries=0
Foundgine run=12: concurrency=64 workers=64 success=64 failed=0 rps=666.8 avgWall=81.6ms p50=83.0ms p95=92.9ms p99=95.9 maxWall=96.0ms toolCalls/flow=6.0 estToolInputTokens=34 estToolOutputTokens=515 estContextLoadTokens=863 providerTokens=N/A activeHttpPeak=64 httpRetries=0
Foundgine run=13: concurrency=64 workers=64 success=64 failed=0 rps=631.9 avgWall=86.1ms p50=87.6ms p95=99.1ms p99=100.9 maxWall=101.3ms toolCalls/flow=6.0 estToolInputTokens=34 estToolOutputTokens=515 estContextLoadTokens=863 providerTokens=N/A activeHttpPeak=64 httpRetries=0
Foundgine run=14: concurrency=64 workers=64 success=64 failed=0 rps=575.5 avgWall=99.5ms p50=101.9ms p95=108.6ms p99=110.9 maxWall=111.2ms toolCalls/flow=6.0 estToolInputTokens=34 estToolOutputTokens=515 estContextLoadTokens=863 providerTokens=N/A activeHttpPeak=64 httpRetries=0
Foundgine run=15: concurrency=64 workers=64 success=64 failed=0 rps=675.7 avgWall=80.3ms p50=80.6ms p95=93.4ms p99=94.7 maxWall=94.7ms toolCalls/flow=6.0 estToolInputTokens=34 estToolOutputTokens=515 estContextLoadTokens=863 providerTokens=N/A activeHttpPeak=64 httpRetries=0
Foundgine run=16: concurrency=64 workers=64 success=64 failed=0 rps=696.9 avgWall=73.3ms p50=73.3ms p95=90.6ms p99=91.7 maxWall=91.8ms toolCalls/flow=6.0 estToolInputTokens=34 estToolOutputTokens=515 estContextLoadTokens=863 providerTokens=N/A activeHttpPeak=64 httpRetries=0
Foundgine run=17: concurrency=64 workers=64 success=64 failed=0 rps=569.2 avgWall=100.9ms p50=102.9ms p95=111.5ms p99=112.4 maxWall=112.4ms toolCalls/flow=6.0 estToolInputTokens=34 estToolOutputTokens=515 estContextLoadTokens=863 providerTokens=N/A activeHttpPeak=64 httpRetries=0
Foundgine run=18: concurrency=64 workers=64 success=64 failed=0 rps=703.3 avgWall=78.2ms p50=81.5ms p95=90.0ms p99=90.5 maxWall=91.0ms toolCalls/flow=6.0 estToolInputTokens=34 estToolOutputTokens=515 estContextLoadTokens=863 providerTokens=N/A activeHttpPeak=64 httpRetries=0
Foundgine run=19: concurrency=64 workers=64 success=64 failed=0 rps=597.4 avgWall=97.4ms p50=100.0ms p95=106.4ms p99=107.1 maxWall=107.1ms toolCalls/flow=6.0 estToolInputTokens=34 estToolOutputTokens=515 estContextLoadTokens=863 providerTokens=N/A activeHttpPeak=64 httpRetries=0
Foundgine run=20: concurrency=64 workers=64 success=64 failed=0 rps=566.4 avgWall=99.8ms p50=100.5ms p95=110.4ms p99=112.5 maxWall=113.0ms toolCalls/flow=6.0 estToolInputTokens=34 estToolOutputTokens=515 estContextLoadTokens=863 providerTokens=N/A activeHttpPeak=64 httpRetries=0
Foundgine run=21: concurrency=64 workers=64 success=64 failed=0 rps=727.1 avgWall=70.7ms p50=70.8ms p95=85.6ms p99=86.9 maxWall=88.0ms toolCalls/flow=6.0 estToolInputTokens=34 estToolOutputTokens=515 estContextLoadTokens=863 providerTokens=N/A activeHttpPeak=64 httpRetries=0
Foundgine run=22: concurrency=64 workers=64 success=64 failed=0 rps=506.7 avgWall=104.3ms p50=106.0ms p95=122.9ms p99=124.7 maxWall=126.3ms toolCalls/flow=6.0 estToolInputTokens=34 estToolOutputTokens=515 estContextLoadTokens=863 providerTokens=N/A activeHttpPeak=64 httpRetries=0
Foundgine run=23: concurrency=64 workers=64 success=64 failed=0 rps=679.3 avgWall=75.1ms p50=76.9ms p95=91.4ms p99=93.3 maxWall=94.2ms toolCalls/flow=6.0 estToolInputTokens=34 estToolOutputTokens=515 estContextLoadTokens=863 providerTokens=N/A activeHttpPeak=64 httpRetries=0
Foundgine run=24: concurrency=64 workers=64 success=64 failed=0 rps=572.9 avgWall=97.4ms p50=100.3ms p95=108.5ms p99=111.3 maxWall=111.7ms toolCalls/flow=6.0 estToolInputTokens=34 estToolOutputTokens=515 estContextLoadTokens=863 providerTokens=N/A activeHttpPeak=64 httpRetries=0
Foundgine run=25: concurrency=64 workers=64 success=64 failed=0 rps=588.4 avgWall=94.5ms p50=96.2ms p95=106.7ms p99=107.8 maxWall=108.8ms toolCalls/flow=6.0 estToolInputTokens=34 estToolOutputTokens=515 estContextLoadTokens=863 providerTokens=N/A activeHttpPeak=64 httpRetries=0
Foundgine run=26: concurrency=64 workers=64 success=64 failed=0 rps=721.1 avgWall=76.5ms p50=77.5ms p95=88.4ms p99=88.7 maxWall=88.8ms toolCalls/flow=6.0 estToolInputTokens=34 estToolOutputTokens=515 estContextLoadTokens=863 providerTokens=N/A activeHttpPeak=64 httpRetries=0
Foundgine run=27: concurrency=64 workers=64 success=64 failed=0 rps=746.5 avgWall=70.7ms p50=73.6ms p95=83.4ms p99=84.7 maxWall=85.7ms toolCalls/flow=6.0 estToolInputTokens=34 estToolOutputTokens=515 estContextLoadTokens=863 providerTokens=N/A activeHttpPeak=64 httpRetries=0
Foundgine run=28: concurrency=64 workers=64 success=64 failed=0 rps=381.6 avgWall=158.1ms p50=159.3ms p95=167.1ms p99=167.6 maxWall=167.7ms toolCalls/flow=6.0 estToolInputTokens=34 estToolOutputTokens=515 estContextLoadTokens=863 providerTokens=N/A activeHttpPeak=64 httpRetries=0
Foundgine run=29: concurrency=64 workers=64 success=64 failed=0 rps=352.6 avgWall=170.2ms p50=172.0ms p95=179.2ms p99=180.6 maxWall=181.5ms toolCalls/flow=6.0 estToolInputTokens=34 estToolOutputTokens=515 estContextLoadTokens=863 providerTokens=N/A activeHttpPeak=64 httpRetries=0
Foundgine run=30: concurrency=64 workers=64 success=64 failed=0 rps=502.7 avgWall=108.2ms p50=109.4ms p95=126.0ms p99=127.1 maxWall=127.3ms toolCalls/flow=6.0 estToolInputTokens=34 estToolOutputTokens=515 estContextLoadTokens=863 providerTokens=N/A activeHttpPeak=64 httpRetries=0

Concurrency: 64
Estimated context-load saving: 27.2%
Estimated tokens/run â?" Conventional: input=63, output=814, context=1184
Estimated tokens/run â?" Foundgine:    input=34, output=515, context=863
Provider input-token saving: N/A â?" replay mode
Provider total-token saving: N/A â?" replay mode
Tool-call saving: 33.3%
Expected final state verified: True
Verification failures: 0
Expected state: C:\Foundgine\benchmarks\AgentEndToEnd\Run2\artifacts\00100-customers\concurrency-064\expected-state.json
Reports: C:\Foundgine\benchmarks\AgentEndToEnd\Run2\artifacts\00100-customers\concurrency-064\agent-benchmark.json; C:\Foundgine\benchmarks\AgentEndToEnd\Run2\artifacts\00100-customers\concurrency-064\agent-benchmark.md
Removing benchmark containers and PostgreSQL volume...
Starting PostgreSQL 17 benchmark container on host port 50855...
 Network foundgine-agent-e2e_default Creating 
 Network foundgine-agent-e2e_default Created 
 Volume foundgine-agent-e2e_agent-e2e-postgres-data Creating 
 Volume foundgine-agent-e2e_agent-e2e-postgres-data Created 
 Container foundgine-agent-e2e-postgres-1 Creating 
 Container foundgine-agent-e2e-postgres-1 Created 
 Container foundgine-agent-e2e-postgres-1 Starting 
 Container foundgine-agent-e2e-postgres-1 Started 
Waiting for PostgreSQL...
Seeding fixture: 1000 customers ...
Seeding 1,000 customers, 4,000 relationships, 12,000 contracts and 48,000 transactions...
Seeded: 1,000 customers, 4,000 relationships, 12,000 contracts, 48,000 transactions.
Benchmark graph for Customer 1: 4 relationships -> 12 contracts -> 48 transactions.
Customer 1 is the deterministic benchmark target.
Building and starting Foundgine warm benchmark API...
 Image foundgine-agent-e2e-foundgine-warm Building 
#1 [internal] load local bake definitions
#1 reading from stdin 612B done
#1 DONE 0.0s

#2 [internal] load build definition from Dockerfile
#2 transferring dockerfile: 1.18kB done
#2 DONE 0.0s

#3 [internal] load metadata for mcr.microsoft.com/dotnet/aspnet:9.0
#3 DONE 0.2s

#4 [internal] load metadata for mcr.microsoft.com/dotnet/sdk:9.0
#4 DONE 0.3s

#5 [internal] load .dockerignore
#5 transferring context: 216B done
#5 DONE 0.0s

#6 [internal] load build context
#6 DONE 0.0s

#7 [stage-1 1/4] FROM mcr.microsoft.com/dotnet/aspnet:9.0@sha256:4e376dd15bbc8437d4892367ab0ea06a3ac9fea482d10f92f3c493fe1a2219ad
#7 resolve mcr.microsoft.com/dotnet/aspnet:9.0@sha256:4e376dd15bbc8437d4892367ab0ea06a3ac9fea482d10f92f3c493fe1a2219ad 0.1s done
#7 DONE 0.1s

#8 [build 1/5] FROM mcr.microsoft.com/dotnet/sdk:9.0@sha256:35048e3a81e6a07c316e7bbbd80d80d2ba705fe5f23a8ed42b6638c8f4c20d30
#8 resolve mcr.microsoft.com/dotnet/sdk:9.0@sha256:35048e3a81e6a07c316e7bbbd80d80d2ba705fe5f23a8ed42b6638c8f4c20d30 0.1s done
#8 DONE 0.1s

#6 [internal] load build context
#6 transferring context: 34.38MB 0.2s done
#6 DONE 0.3s

#9 [build 2/5] WORKDIR /src
#9 CACHED

#10 [build 3/5] COPY . .
#10 DONE 0.9s

#11 [build 4/5] RUN dotnet restore     benchmarks/CoffeeBeanery.Performance/Foundgine.CoffeeBeanery.BenchmarkApi/Foundgine.CoffeeBeanery.BenchmarkApi.csproj
#11 0.688   Determining projects to restore...
#11 1.701   Restored /src/src/Foundgine.Metadata/Foundgine.Metadata.csproj (in 131 ms).
#11 1.701   Restored /src/src/Foundgine.Sql/Foundgine.Sql.csproj (in 131 ms).
#11 1.701   Restored /src/src/Foundgine.Abstractions/Foundgine.Abstractions.csproj (in 120 ms).
#11 1.701   Restored /src/src/Foundgine.Planning/Foundgine.Planning.csproj (in 131 ms).
#11 1.701   Restored /src/src/Foundgine.Semantics/Foundgine.Semantics.csproj (in 131 ms).
#11 1.709   Restored /src/src/Foundgine.Execution/Foundgine.Execution.csproj (in 2 ms).
#11 3.587   Restored /src/src/Foundgine.GraphQL.HotChocolate/Foundgine.GraphQL.HotChocolate.csproj (in 2.06 sec).
#11 3.587   Restored /src/src/Foundgine.GraphQL.HotChocolate.Mutations/Foundgine.GraphQL.HotChocolate.Mutations.csproj (in 2.06 sec).
#11 3.588   Restored /src/benchmarks/CoffeeBeanery.Performance/Foundgine.CoffeeBeanery.BenchmarkApi/Foundgine.CoffeeBeanery.BenchmarkApi.csproj (in 2.06 sec).
#11 DONE 3.7s

#12 [build 5/5] RUN dotnet publish     benchmarks/CoffeeBeanery.Performance/Foundgine.CoffeeBeanery.BenchmarkApi/Foundgine.CoffeeBeanery.BenchmarkApi.csproj     -c Release     -o /app/publish
#12 0.929   Determining projects to restore...
#12 1.940   All projects are up-to-date for restore.
#12 4.668   Foundgine.Abstractions -> /src/src/Foundgine.Abstractions/bin/Release/net9.0/Foundgine.Abstractions.dll
#12 5.430   Foundgine.Metadata -> /src/src/Foundgine.Metadata/bin/Release/net9.0/Foundgine.Metadata.dll
#12 5.632   Foundgine.Semantics -> /src/src/Foundgine.Semantics/bin/Release/net9.0/Foundgine.Semantics.dll
#12 6.302   Foundgine.GraphQL.HotChocolate -> /src/src/Foundgine.GraphQL.HotChocolate/bin/Release/net9.0/Foundgine.GraphQL.HotChocolate.dll
#12 6.426   Foundgine.Planning -> /src/src/Foundgine.Planning/bin/Release/net9.0/Foundgine.Planning.dll
#12 6.814   Foundgine.Execution -> /src/src/Foundgine.Execution/bin/Release/net9.0/Foundgine.Execution.dll
#12 7.403   Foundgine.GraphQL.HotChocolate.Mutations -> /src/src/Foundgine.GraphQL.HotChocolate.Mutations/bin/Release/net9.0/Foundgine.GraphQL.HotChocolate.Mutations.dll
#12 7.573   Foundgine.Sql -> /src/src/Foundgine.Sql/bin/Release/net9.0/Foundgine.Sql.dll
#12 8.448   Foundgine.CoffeeBeanery.BenchmarkApi -> /src/benchmarks/CoffeeBeanery.Performance/Foundgine.CoffeeBeanery.BenchmarkApi/bin/Release/net9.0/Foundgine.CoffeeBeanery.BenchmarkApi.dll
#12 8.521   Foundgine.CoffeeBeanery.BenchmarkApi -> /app/publish/
#12 DONE 8.6s

#13 [stage-1 2/4] RUN apt-get update     && apt-get install -y --no-install-recommends curl     && rm -rf /var/lib/apt/lists/*
#13 CACHED

#14 [stage-1 3/4] WORKDIR /app
#14 CACHED

#15 [stage-1 4/4] COPY --from=build /app/publish .
#15 CACHED

#16 exporting to image
#16 exporting layers done
#16 exporting manifest sha256:87c50c2e90b3b1413384722fde9760e02d9f66c9ec8a46542830611196e6cc8e done
#16 exporting config sha256:d5586ffa1cf0571bfc01638578f29b0522095c33f67d97fd4beb877511fe64f7 done
#16 exporting attestation manifest sha256:8cb7824b2aec86f3352d468f4ebe561c05b2598ff91d6649f9f4683c9beca8c2 0.0s done
#16 exporting manifest list sha256:f55b6bf7a1428cf7f84b0a912187b087c017be19eaeec0622d20edc9437b6085 0.0s done
#16 naming to docker.io/library/foundgine-agent-e2e-foundgine-warm:latest done
#16 unpacking to docker.io/library/foundgine-agent-e2e-foundgine-warm:latest 0.0s done
#16 DONE 0.1s

#17 resolving provenance for metadata file
#17 DONE 0.0s
 Image foundgine-agent-e2e-foundgine-warm Built 
 Container foundgine-agent-e2e-foundgine-warm-1 Creating 
 Container foundgine-agent-e2e-foundgine-warm-1 Created 
 Container foundgine-agent-e2e-foundgine-warm-1 Starting 
 Container foundgine-agent-e2e-foundgine-warm-1 Started 
Waiting for http://localhost:4302/health/ready ...

>>> Concurrency tier: 64

============================================
 Agent benchmark: 1000 customers / 30 runs
============================================
Scenario: customer-exposure-review-query-mutation-query-mutation
Mode: replay; concurrency=64; warmups=5; runs=30; fixtureCustomer=1
Fixture: relationships=4, contracts=12, transactions=48, exposure=48,240.00
Conventional run=1: concurrency=64 workers=64 success=64 failed=0 rps=520.5 avgWall=102.8ms p50=105.4ms p95=120.7ms p99=122.5 maxWall=123.0ms toolCalls/flow=9.0 estToolInputTokens=63 estToolOutputTokens=814 estContextLoadTokens=1184 providerTokens=N/A activeHttpPeak=0 httpRetries=0
Conventional run=2: concurrency=64 workers=64 success=64 failed=0 rps=705.4 avgWall=75.6ms p50=75.8ms p95=87.1ms p99=89.5 maxWall=90.7ms toolCalls/flow=9.0 estToolInputTokens=63 estToolOutputTokens=814 estContextLoadTokens=1184 providerTokens=N/A activeHttpPeak=0 httpRetries=0
Conventional run=3: concurrency=64 workers=64 success=64 failed=0 rps=544.7 avgWall=98.3ms p50=101.8ms p95=115.0ms p99=116.9 maxWall=117.5ms toolCalls/flow=9.0 estToolInputTokens=63 estToolOutputTokens=814 estContextLoadTokens=1184 providerTokens=N/A activeHttpPeak=0 httpRetries=0
Conventional run=4: concurrency=64 workers=64 success=64 failed=0 rps=730.3 avgWall=73.5ms p50=75.0ms p95=85.6ms p99=87.0 maxWall=87.6ms toolCalls/flow=9.0 estToolInputTokens=63 estToolOutputTokens=814 estContextLoadTokens=1184 providerTokens=N/A activeHttpPeak=0 httpRetries=0
Conventional run=5: concurrency=64 workers=64 success=64 failed=0 rps=679.9 avgWall=79.0ms p50=81.7ms p95=91.8ms p99=93.0 maxWall=94.1ms toolCalls/flow=9.0 estToolInputTokens=63 estToolOutputTokens=814 estContextLoadTokens=1184 providerTokens=N/A activeHttpPeak=0 httpRetries=0
Conventional run=6: concurrency=64 workers=64 success=64 failed=0 rps=613.7 avgWall=82.5ms p50=80.8ms p95=102.1ms p99=103.4 maxWall=104.3ms toolCalls/flow=9.0 estToolInputTokens=63 estToolOutputTokens=814 estContextLoadTokens=1184 providerTokens=N/A activeHttpPeak=0 httpRetries=0
Conventional run=7: concurrency=64 workers=64 success=64 failed=0 rps=646.3 avgWall=83.4ms p50=83.1ms p95=98.1ms p99=98.9 maxWall=99.0ms toolCalls/flow=9.0 estToolInputTokens=63 estToolOutputTokens=814 estContextLoadTokens=1184 providerTokens=N/A activeHttpPeak=0 httpRetries=0
Conventional run=8: concurrency=64 workers=64 success=64 failed=0 rps=711.2 avgWall=76.8ms p50=77.8ms p95=88.5ms p99=89.3 maxWall=90.0ms toolCalls/flow=9.0 estToolInputTokens=63 estToolOutputTokens=814 estContextLoadTokens=1184 providerTokens=N/A activeHttpPeak=0 httpRetries=0
Conventional run=9: concurrency=64 workers=64 success=64 failed=0 rps=577.8 avgWall=95.4ms p50=101.7ms p95=109.5ms p99=110.0 maxWall=110.8ms toolCalls/flow=9.0 estToolInputTokens=63 estToolOutputTokens=814 estContextLoadTokens=1184 providerTokens=N/A activeHttpPeak=0 httpRetries=0
Conventional run=10: concurrency=64 workers=64 success=64 failed=0 rps=645.9 avgWall=85.5ms p50=84.9ms p95=98.3ms p99=98.8 maxWall=99.1ms toolCalls/flow=9.0 estToolInputTokens=63 estToolOutputTokens=814 estContextLoadTokens=1184 providerTokens=N/A activeHttpPeak=0 httpRetries=0
Conventional run=11: concurrency=64 workers=64 success=64 failed=0 rps=393.5 avgWall=150.5ms p50=153.6ms p95=161.8ms p99=162.5 maxWall=162.6ms toolCalls/flow=9.0 estToolInputTokens=63 estToolOutputTokens=814 estContextLoadTokens=1184 providerTokens=N/A activeHttpPeak=0 httpRetries=0
Conventional run=12: concurrency=64 workers=64 success=64 failed=0 rps=687.3 avgWall=81.2ms p50=82.7ms p95=91.5ms p99=92.2 maxWall=93.1ms toolCalls/flow=9.0 estToolInputTokens=63 estToolOutputTokens=814 estContextLoadTokens=1184 providerTokens=N/A activeHttpPeak=0 httpRetries=0
Conventional run=13: concurrency=64 workers=64 success=64 failed=0 rps=599.3 avgWall=89.8ms p50=95.0ms p95=105.3ms p99=106.5 maxWall=106.8ms toolCalls/flow=9.0 estToolInputTokens=63 estToolOutputTokens=814 estContextLoadTokens=1184 providerTokens=N/A activeHttpPeak=0 httpRetries=0
Conventional run=14: concurrency=64 workers=64 success=64 failed=0 rps=663.3 avgWall=79.8ms p50=81.9ms p95=92.5ms p99=94.3 maxWall=96.5ms toolCalls/flow=9.0 estToolInputTokens=63 estToolOutputTokens=814 estContextLoadTokens=1184 providerTokens=N/A activeHttpPeak=0 httpRetries=0
Conventional run=15: concurrency=64 workers=64 success=64 failed=0 rps=369.3 avgWall=102.7ms p50=86.5ms p95=171.5ms p99=172.5 maxWall=173.3ms toolCalls/flow=9.0 estToolInputTokens=63 estToolOutputTokens=814 estContextLoadTokens=1184 providerTokens=N/A activeHttpPeak=0 httpRetries=0
Conventional run=16: concurrency=64 workers=64 success=64 failed=0 rps=758.7 avgWall=72.8ms p50=75.2ms p95=82.4ms p99=84.1 maxWall=84.4ms toolCalls/flow=9.0 estToolInputTokens=63 estToolOutputTokens=814 estContextLoadTokens=1184 providerTokens=N/A activeHttpPeak=0 httpRetries=0
Conventional run=17: concurrency=64 workers=64 success=64 failed=0 rps=692.6 avgWall=77.3ms p50=78.6ms p95=90.1ms p99=91.9 maxWall=92.4ms toolCalls/flow=9.0 estToolInputTokens=63 estToolOutputTokens=814 estContextLoadTokens=1184 providerTokens=N/A activeHttpPeak=0 httpRetries=0
Conventional run=18: concurrency=64 workers=64 success=64 failed=0 rps=612.3 avgWall=86.4ms p50=89.2ms p95=101.8ms p99=104.4 maxWall=104.5ms toolCalls/flow=9.0 estToolInputTokens=63 estToolOutputTokens=814 estContextLoadTokens=1184 providerTokens=N/A activeHttpPeak=0 httpRetries=0
Conventional run=19: concurrency=64 workers=64 success=64 failed=0 rps=359.3 avgWall=144.5ms p50=163.5ms p95=176.2ms p99=177.3 maxWall=178.1ms toolCalls/flow=9.0 estToolInputTokens=63 estToolOutputTokens=814 estContextLoadTokens=1184 providerTokens=N/A activeHttpPeak=0 httpRetries=0
Conventional run=20: concurrency=64 workers=64 success=64 failed=0 rps=381.5 avgWall=140.3ms p50=161.9ms p95=166.9ms p99=167.5 maxWall=167.7ms toolCalls/flow=9.0 estToolInputTokens=63 estToolOutputTokens=814 estContextLoadTokens=1184 providerTokens=N/A activeHttpPeak=0 httpRetries=0
Conventional run=21: concurrency=64 workers=64 success=64 failed=0 rps=382.8 avgWall=152.2ms p50=154.3ms p95=163.5ms p99=166.0 maxWall=167.2ms toolCalls/flow=9.0 estToolInputTokens=63 estToolOutputTokens=814 estContextLoadTokens=1184 providerTokens=N/A activeHttpPeak=0 httpRetries=0
Conventional run=22: concurrency=64 workers=64 success=64 failed=0 rps=755.3 avgWall=71.5ms p50=73.0ms p95=83.2ms p99=84.6 maxWall=84.7ms toolCalls/flow=9.0 estToolInputTokens=63 estToolOutputTokens=814 estContextLoadTokens=1184 providerTokens=N/A activeHttpPeak=0 httpRetries=0
Conventional run=23: concurrency=64 workers=64 success=64 failed=0 rps=628.2 avgWall=82.1ms p50=80.4ms p95=100.5ms p99=101.4 maxWall=101.9ms toolCalls/flow=9.0 estToolInputTokens=63 estToolOutputTokens=814 estContextLoadTokens=1184 providerTokens=N/A activeHttpPeak=0 httpRetries=0
Conventional run=24: concurrency=64 workers=64 success=64 failed=0 rps=704.8 avgWall=79.4ms p50=81.8ms p95=88.9ms p99=90.3 maxWall=90.8ms toolCalls/flow=9.0 estToolInputTokens=63 estToolOutputTokens=814 estContextLoadTokens=1184 providerTokens=N/A activeHttpPeak=0 httpRetries=0
Conventional run=25: concurrency=64 workers=64 success=64 failed=0 rps=667.7 avgWall=82.0ms p50=84.6ms p95=92.3ms p99=95.2 maxWall=95.8ms toolCalls/flow=9.0 estToolInputTokens=63 estToolOutputTokens=814 estContextLoadTokens=1184 providerTokens=N/A activeHttpPeak=0 httpRetries=0
Conventional run=26: concurrency=64 workers=64 success=64 failed=0 rps=752.2 avgWall=70.6ms p50=73.0ms p95=83.0ms p99=84.6 maxWall=85.1ms toolCalls/flow=9.0 estToolInputTokens=63 estToolOutputTokens=814 estContextLoadTokens=1184 providerTokens=N/A activeHttpPeak=0 httpRetries=0
Conventional run=27: concurrency=64 workers=64 success=64 failed=0 rps=374.6 avgWall=130.2ms p50=163.5ms p95=169.3ms p99=170.7 maxWall=170.9ms toolCalls/flow=9.0 estToolInputTokens=63 estToolOutputTokens=814 estContextLoadTokens=1184 providerTokens=N/A activeHttpPeak=0 httpRetries=0
Conventional run=28: concurrency=64 workers=64 success=64 failed=0 rps=656.7 avgWall=85.6ms p50=88.6ms p95=96.9ms p99=97.4 maxWall=97.5ms toolCalls/flow=9.0 estToolInputTokens=63 estToolOutputTokens=814 estContextLoadTokens=1184 providerTokens=N/A activeHttpPeak=0 httpRetries=0
Conventional run=29: concurrency=64 workers=64 success=64 failed=0 rps=661.7 avgWall=80.1ms p50=83.2ms p95=92.8ms p99=95.7 maxWall=96.7ms toolCalls/flow=9.0 estToolInputTokens=63 estToolOutputTokens=814 estContextLoadTokens=1184 providerTokens=N/A activeHttpPeak=0 httpRetries=0
Conventional run=30: concurrency=64 workers=64 success=64 failed=0 rps=695.9 avgWall=79.9ms p50=81.8ms p95=91.2ms p99=91.8 maxWall=92.0ms toolCalls/flow=9.0 estToolInputTokens=63 estToolOutputTokens=814 estContextLoadTokens=1184 providerTokens=N/A activeHttpPeak=0 httpRetries=0
Foundgine run=1: concurrency=64 workers=64 success=64 failed=0 rps=325.8 avgWall=186.7ms p50=187.2ms p95=194.2ms p99=196.1 maxWall=196.4ms toolCalls/flow=6.0 estToolInputTokens=34 estToolOutputTokens=515 estContextLoadTokens=863 providerTokens=N/A activeHttpPeak=64 httpRetries=0
Foundgine run=2: concurrency=64 workers=64 success=64 failed=0 rps=393.6 avgWall=80.9ms p50=79.8ms p95=151.1ms p99=162.6 maxWall=162.6ms toolCalls/flow=6.0 estToolInputTokens=34 estToolOutputTokens=515 estContextLoadTokens=863 providerTokens=N/A activeHttpPeak=64 httpRetries=0
Foundgine run=3: concurrency=64 workers=64 success=64 failed=0 rps=519.9 avgWall=109.9ms p50=111.8ms p95=121.3ms p99=122.5 maxWall=123.1ms toolCalls/flow=6.0 estToolInputTokens=34 estToolOutputTokens=515 estContextLoadTokens=863 providerTokens=N/A activeHttpPeak=64 httpRetries=0
Foundgine run=4: concurrency=64 workers=64 success=64 failed=0 rps=459.9 avgWall=121.3ms p50=126.0ms p95=136.8ms p99=138.5 maxWall=139.2ms toolCalls/flow=6.0 estToolInputTokens=34 estToolOutputTokens=515 estContextLoadTokens=863 providerTokens=N/A activeHttpPeak=64 httpRetries=0
Foundgine run=5: concurrency=64 workers=64 success=64 failed=0 rps=326.8 avgWall=183.1ms p50=185.1ms p95=194.3ms p99=195.2 maxWall=195.8ms toolCalls/flow=6.0 estToolInputTokens=34 estToolOutputTokens=515 estContextLoadTokens=863 providerTokens=N/A activeHttpPeak=64 httpRetries=0
Foundgine run=6: concurrency=64 workers=64 success=64 failed=0 rps=726.9 avgWall=73.7ms p50=77.5ms p95=85.7ms p99=87.0 maxWall=88.0ms toolCalls/flow=6.0 estToolInputTokens=34 estToolOutputTokens=515 estContextLoadTokens=863 providerTokens=N/A activeHttpPeak=64 httpRetries=0
Foundgine run=7: concurrency=64 workers=64 success=64 failed=0 rps=654.5 avgWall=85.2ms p50=88.0ms p95=95.6ms p99=97.2 maxWall=97.8ms toolCalls/flow=6.0 estToolInputTokens=34 estToolOutputTokens=515 estContextLoadTokens=863 providerTokens=N/A activeHttpPeak=64 httpRetries=0
Foundgine run=8: concurrency=64 workers=64 success=64 failed=0 rps=716.2 avgWall=77.0ms p50=78.4ms p95=87.3ms p99=88.7 maxWall=89.4ms toolCalls/flow=6.0 estToolInputTokens=34 estToolOutputTokens=515 estContextLoadTokens=863 providerTokens=N/A activeHttpPeak=64 httpRetries=0
Foundgine run=9: concurrency=64 workers=64 success=64 failed=0 rps=736.2 avgWall=73.8ms p50=76.4ms p95=82.6ms p99=86.7 maxWall=86.9ms toolCalls/flow=6.0 estToolInputTokens=34 estToolOutputTokens=515 estContextLoadTokens=863 providerTokens=N/A activeHttpPeak=64 httpRetries=0
Foundgine run=10: concurrency=64 workers=64 success=64 failed=0 rps=698.5 avgWall=73.2ms p50=70.1ms p95=89.5ms p99=91.1 maxWall=91.6ms toolCalls/flow=6.0 estToolInputTokens=34 estToolOutputTokens=515 estContextLoadTokens=863 providerTokens=N/A activeHttpPeak=64 httpRetries=0
Foundgine run=11: concurrency=64 workers=64 success=64 failed=0 rps=410.0 avgWall=139.6ms p50=147.4ms p95=154.8ms p99=155.5 maxWall=156.1ms toolCalls/flow=6.0 estToolInputTokens=34 estToolOutputTokens=515 estContextLoadTokens=863 providerTokens=N/A activeHttpPeak=64 httpRetries=0
Foundgine run=12: concurrency=64 workers=64 success=64 failed=0 rps=691.0 avgWall=80.5ms p50=82.1ms p95=91.0ms p99=92.2 maxWall=92.6ms toolCalls/flow=6.0 estToolInputTokens=34 estToolOutputTokens=515 estContextLoadTokens=863 providerTokens=N/A activeHttpPeak=64 httpRetries=0
Foundgine run=13: concurrency=64 workers=64 success=64 failed=0 rps=689.8 avgWall=79.3ms p50=80.5ms p95=92.1ms p99=92.6 maxWall=92.8ms toolCalls/flow=6.0 estToolInputTokens=34 estToolOutputTokens=515 estContextLoadTokens=863 providerTokens=N/A activeHttpPeak=64 httpRetries=0
Foundgine run=14: concurrency=64 workers=64 success=64 failed=0 rps=361.6 avgWall=77.5ms p50=78.5ms p95=86.0ms p99=120.8 maxWall=177.0ms toolCalls/flow=6.0 estToolInputTokens=34 estToolOutputTokens=515 estContextLoadTokens=863 providerTokens=N/A activeHttpPeak=64 httpRetries=0
Foundgine run=15: concurrency=64 workers=64 success=64 failed=0 rps=791.0 avgWall=68.0ms p50=69.5ms p95=79.0ms p99=80.3 maxWall=80.9ms toolCalls/flow=6.0 estToolInputTokens=34 estToolOutputTokens=515 estContextLoadTokens=863 providerTokens=N/A activeHttpPeak=64 httpRetries=0
Foundgine run=16: concurrency=64 workers=64 success=64 failed=0 rps=640.5 avgWall=80.6ms p50=81.3ms p95=94.9ms p99=97.6 maxWall=99.9ms toolCalls/flow=6.0 estToolInputTokens=34 estToolOutputTokens=515 estContextLoadTokens=863 providerTokens=N/A activeHttpPeak=64 httpRetries=0
Foundgine run=17: concurrency=64 workers=64 success=64 failed=0 rps=389.2 avgWall=150.5ms p50=150.7ms p95=162.2ms p99=164.1 maxWall=164.4ms toolCalls/flow=6.0 estToolInputTokens=34 estToolOutputTokens=515 estContextLoadTokens=863 providerTokens=N/A activeHttpPeak=64 httpRetries=0
Foundgine run=18: concurrency=64 workers=64 success=64 failed=0 rps=711.1 avgWall=77.1ms p50=78.7ms p95=88.1ms p99=89.5 maxWall=90.0ms toolCalls/flow=6.0 estToolInputTokens=34 estToolOutputTokens=515 estContextLoadTokens=863 providerTokens=N/A activeHttpPeak=64 httpRetries=0
Foundgine run=19: concurrency=64 workers=64 success=64 failed=0 rps=677.9 avgWall=82.0ms p50=82.1ms p95=93.5ms p99=94.1 maxWall=94.4ms toolCalls/flow=6.0 estToolInputTokens=34 estToolOutputTokens=515 estContextLoadTokens=863 providerTokens=N/A activeHttpPeak=64 httpRetries=0
Foundgine run=20: concurrency=64 workers=64 success=64 failed=0 rps=767.8 avgWall=69.2ms p50=70.4ms p95=82.0ms p99=83.2 maxWall=83.4ms toolCalls/flow=6.0 estToolInputTokens=34 estToolOutputTokens=515 estContextLoadTokens=863 providerTokens=N/A activeHttpPeak=64 httpRetries=0
Foundgine run=21: concurrency=64 workers=64 success=64 failed=0 rps=591.6 avgWall=93.2ms p50=92.8ms p95=107.2ms p99=107.9 maxWall=108.2ms toolCalls/flow=6.0 estToolInputTokens=34 estToolOutputTokens=515 estContextLoadTokens=863 providerTokens=N/A activeHttpPeak=64 httpRetries=0
Foundgine run=22: concurrency=64 workers=64 success=64 failed=0 rps=783.4 avgWall=68.3ms p50=70.0ms p95=80.5ms p99=81.4 maxWall=81.7ms toolCalls/flow=6.0 estToolInputTokens=34 estToolOutputTokens=515 estContextLoadTokens=863 providerTokens=N/A activeHttpPeak=64 httpRetries=0
Foundgine run=23: concurrency=64 workers=64 success=64 failed=0 rps=358.6 avgWall=161.7ms p50=163.4ms p95=172.2ms p99=175.9 maxWall=178.5ms toolCalls/flow=6.0 estToolInputTokens=34 estToolOutputTokens=515 estContextLoadTokens=863 providerTokens=N/A activeHttpPeak=64 httpRetries=0
Foundgine run=24: concurrency=64 workers=64 success=64 failed=0 rps=789.2 avgWall=67.5ms p50=67.8ms p95=78.6ms p99=79.8 maxWall=81.1ms toolCalls/flow=6.0 estToolInputTokens=34 estToolOutputTokens=515 estContextLoadTokens=863 providerTokens=N/A activeHttpPeak=64 httpRetries=0
Foundgine run=25: concurrency=64 workers=64 success=64 failed=0 rps=364.7 avgWall=161.0ms p50=162.1ms p95=171.0ms p99=173.0 maxWall=175.5ms toolCalls/flow=6.0 estToolInputTokens=34 estToolOutputTokens=515 estContextLoadTokens=863 providerTokens=N/A activeHttpPeak=64 httpRetries=0
Foundgine run=26: concurrency=64 workers=64 success=64 failed=0 rps=626.8 avgWall=89.6ms p50=90.4ms p95=100.6ms p99=101.6 maxWall=102.1ms toolCalls/flow=6.0 estToolInputTokens=34 estToolOutputTokens=515 estContextLoadTokens=863 providerTokens=N/A activeHttpPeak=64 httpRetries=0
Foundgine run=27: concurrency=64 workers=64 success=64 failed=0 rps=356.0 avgWall=165.7ms p50=167.1ms p95=177.9ms p99=179.2 maxWall=179.8ms toolCalls/flow=6.0 estToolInputTokens=34 estToolOutputTokens=515 estContextLoadTokens=863 providerTokens=N/A activeHttpPeak=64 httpRetries=0
Foundgine run=28: concurrency=64 workers=64 success=64 failed=0 rps=406.4 avgWall=89.3ms p50=79.6ms p95=155.6ms p99=156.7 maxWall=157.5ms toolCalls/flow=6.0 estToolInputTokens=34 estToolOutputTokens=515 estContextLoadTokens=863 providerTokens=N/A activeHttpPeak=64 httpRetries=0
Foundgine run=29: concurrency=64 workers=64 success=64 failed=0 rps=614.4 avgWall=86.9ms p50=86.8ms p95=101.6ms p99=103.9 maxWall=104.2ms toolCalls/flow=6.0 estToolInputTokens=34 estToolOutputTokens=515 estContextLoadTokens=863 providerTokens=N/A activeHttpPeak=64 httpRetries=0
Foundgine run=30: concurrency=64 workers=64 success=64 failed=0 rps=669.1 avgWall=80.6ms p50=83.0ms p95=93.6ms p99=94.9 maxWall=95.7ms toolCalls/flow=6.0 estToolInputTokens=34 estToolOutputTokens=515 estContextLoadTokens=863 providerTokens=N/A activeHttpPeak=64 httpRetries=0

Concurrency: 64
Estimated context-load saving: 27.2%
Estimated tokens/run â?" Conventional: input=63, output=814, context=1184
Estimated tokens/run â?" Foundgine:    input=34, output=515, context=863
Provider input-token saving: N/A â?" replay mode
Provider total-token saving: N/A â?" replay mode
Tool-call saving: 33.3%
Expected final state verified: True
Verification failures: 0
Expected state: C:\Foundgine\benchmarks\AgentEndToEnd\Run2\artifacts\01000-customers\concurrency-064\expected-state.json
Reports: C:\Foundgine\benchmarks\AgentEndToEnd\Run2\artifacts\01000-customers\concurrency-064\agent-benchmark.json; C:\Foundgine\benchmarks\AgentEndToEnd\Run2\artifacts\01000-customers\concurrency-064\agent-benchmark.md
Removing benchmark containers and PostgreSQL volume...
Starting PostgreSQL 17 benchmark container on host port 64759...
 Network foundgine-agent-e2e_default Creating 
 Network foundgine-agent-e2e_default Created 
 Volume foundgine-agent-e2e_agent-e2e-postgres-data Creating 
 Volume foundgine-agent-e2e_agent-e2e-postgres-data Created 
 Container foundgine-agent-e2e-postgres-1 Creating 
 Container foundgine-agent-e2e-postgres-1 Created 
 Container foundgine-agent-e2e-postgres-1 Starting 
 Container foundgine-agent-e2e-postgres-1 Started 
Waiting for PostgreSQL...
Seeding fixture: 10000 customers ...
Seeding 10,000 customers, 40,000 relationships, 120,000 contracts and 480,000 transactions...
Seeded: 10,000 customers, 40,000 relationships, 120,000 contracts, 480,000 transactions.
Benchmark graph for Customer 1: 4 relationships -> 12 contracts -> 48 transactions.
Customer 1 is the deterministic benchmark target.
Building and starting Foundgine warm benchmark API...
 Image foundgine-agent-e2e-foundgine-warm Building 
#1 [internal] load local bake definitions
#1 reading from stdin 612B done
#1 DONE 0.0s

#2 [internal] load build definition from Dockerfile
#2 transferring dockerfile: 1.18kB done
#2 DONE 0.0s

#3 [internal] load metadata for mcr.microsoft.com/dotnet/sdk:9.0
#3 DONE 0.2s

#4 [internal] load metadata for mcr.microsoft.com/dotnet/aspnet:9.0
#4 DONE 0.3s

#5 [internal] load .dockerignore
#5 transferring context: 216B done
#5 DONE 0.0s

#6 [stage-1 1/4] FROM mcr.microsoft.com/dotnet/aspnet:9.0@sha256:4e376dd15bbc8437d4892367ab0ea06a3ac9fea482d10f92f3c493fe1a2219ad
#6 resolve mcr.microsoft.com/dotnet/aspnet:9.0@sha256:4e376dd15bbc8437d4892367ab0ea06a3ac9fea482d10f92f3c493fe1a2219ad 0.0s done
#6 DONE 0.0s

#7 [build 1/5] FROM mcr.microsoft.com/dotnet/sdk:9.0@sha256:35048e3a81e6a07c316e7bbbd80d80d2ba705fe5f23a8ed42b6638c8f4c20d30
#7 resolve mcr.microsoft.com/dotnet/sdk:9.0@sha256:35048e3a81e6a07c316e7bbbd80d80d2ba705fe5f23a8ed42b6638c8f4c20d30 0.0s done
#7 DONE 0.0s

#8 [internal] load build context
#8 transferring context: 35.25MB 0.3s done
#8 DONE 0.3s

#9 [build 2/5] WORKDIR /src
#9 CACHED

#10 [build 3/5] COPY . .
#10 DONE 1.8s

#11 [build 4/5] RUN dotnet restore     benchmarks/CoffeeBeanery.Performance/Foundgine.CoffeeBeanery.BenchmarkApi/Foundgine.CoffeeBeanery.BenchmarkApi.csproj
#11 0.729   Determining projects to restore...
#11 2.002   Restored /src/src/Foundgine.Metadata/Foundgine.Metadata.csproj (in 133 ms).
#11 2.002   Restored /src/src/Foundgine.Semantics/Foundgine.Semantics.csproj (in 133 ms).
#11 2.002   Restored /src/src/Foundgine.Planning/Foundgine.Planning.csproj (in 133 ms).
#11 2.002   Restored /src/src/Foundgine.Abstractions/Foundgine.Abstractions.csproj (in 119 ms).
#11 2.002   Restored /src/src/Foundgine.Sql/Foundgine.Sql.csproj (in 133 ms).
#11 2.002   Restored /src/src/Foundgine.Execution/Foundgine.Execution.csproj (in 133 ms).
#11 4.553   Restored /src/src/Foundgine.GraphQL.HotChocolate.Mutations/Foundgine.GraphQL.HotChocolate.Mutations.csproj (in 2.74 sec).
#11 4.553   Restored /src/src/Foundgine.GraphQL.HotChocolate/Foundgine.GraphQL.HotChocolate.csproj (in 2.54 sec).
#11 4.553   Restored /src/benchmarks/CoffeeBeanery.Performance/Foundgine.CoffeeBeanery.BenchmarkApi/Foundgine.CoffeeBeanery.BenchmarkApi.csproj (in 2.74 sec).
#11 DONE 4.7s

#12 [build 5/5] RUN dotnet publish     benchmarks/CoffeeBeanery.Performance/Foundgine.CoffeeBeanery.BenchmarkApi/Foundgine.CoffeeBeanery.BenchmarkApi.csproj     -c Release     -o /app/publish
#12 0.895   Determining projects to restore...
#12 1.931   All projects are up-to-date for restore.
#12 4.905   Foundgine.Abstractions -> /src/src/Foundgine.Abstractions/bin/Release/net9.0/Foundgine.Abstractions.dll
#12 5.695   Foundgine.Metadata -> /src/src/Foundgine.Metadata/bin/Release/net9.0/Foundgine.Metadata.dll
#12 5.866   Foundgine.Semantics -> /src/src/Foundgine.Semantics/bin/Release/net9.0/Foundgine.Semantics.dll
#12 6.610   Foundgine.GraphQL.HotChocolate -> /src/src/Foundgine.GraphQL.HotChocolate/bin/Release/net9.0/Foundgine.GraphQL.HotChocolate.dll
#12 6.730   Foundgine.Planning -> /src/src/Foundgine.Planning/bin/Release/net9.0/Foundgine.Planning.dll
#12 7.152   Foundgine.Execution -> /src/src/Foundgine.Execution/bin/Release/net9.0/Foundgine.Execution.dll
#12 7.769   Foundgine.GraphQL.HotChocolate.Mutations -> /src/src/Foundgine.GraphQL.HotChocolate.Mutations/bin/Release/net9.0/Foundgine.GraphQL.HotChocolate.Mutations.dll
#12 8.037   Foundgine.Sql -> /src/src/Foundgine.Sql/bin/Release/net9.0/Foundgine.Sql.dll
#12 9.062   Foundgine.CoffeeBeanery.BenchmarkApi -> /src/benchmarks/CoffeeBeanery.Performance/Foundgine.CoffeeBeanery.BenchmarkApi/bin/Release/net9.0/Foundgine.CoffeeBeanery.BenchmarkApi.dll
#12 9.123   Foundgine.CoffeeBeanery.BenchmarkApi -> /app/publish/
#12 DONE 9.3s

#13 [stage-1 2/4] RUN apt-get update     && apt-get install -y --no-install-recommends curl     && rm -rf /var/lib/apt/lists/*
#13 CACHED

#14 [stage-1 3/4] WORKDIR /app
#14 CACHED

#15 [stage-1 4/4] COPY --from=build /app/publish .
#15 CACHED

#16 exporting to image
#16 exporting layers done
#16 exporting manifest sha256:87c50c2e90b3b1413384722fde9760e02d9f66c9ec8a46542830611196e6cc8e 0.0s done
#16 exporting config sha256:d5586ffa1cf0571bfc01638578f29b0522095c33f67d97fd4beb877511fe64f7 done
#16 exporting attestation manifest sha256:65688db69739e20ba3bddc74fd4c9c5d10a7d8e61f1e95eb2ff41e71f3ea34a4 0.0s done
#16 exporting manifest list sha256:5d0dc2f9d4c5a1d04d6d4bea096b860ccadb960e607ecb3a46fdb7be181e2968
#16 exporting manifest list sha256:5d0dc2f9d4c5a1d04d6d4bea096b860ccadb960e607ecb3a46fdb7be181e2968 0.0s done
#16 naming to docker.io/library/foundgine-agent-e2e-foundgine-warm:latest done
#16 unpacking to docker.io/library/foundgine-agent-e2e-foundgine-warm:latest 0.0s done
#16 DONE 0.2s

#17 resolving provenance for metadata file
#17 DONE 0.0s
 Image foundgine-agent-e2e-foundgine-warm Built 
 Container foundgine-agent-e2e-foundgine-warm-1 Creating 
 Container foundgine-agent-e2e-foundgine-warm-1 Created 
 Container foundgine-agent-e2e-foundgine-warm-1 Starting 
 Container foundgine-agent-e2e-foundgine-warm-1 Started 
Waiting for http://localhost:4302/health/ready ...

>>> Concurrency tier: 64

============================================
 Agent benchmark: 10000 customers / 30 runs
============================================
Scenario: customer-exposure-review-query-mutation-query-mutation
Mode: replay; concurrency=64; warmups=5; runs=30; fixtureCustomer=1
Fixture: relationships=4, contracts=12, transactions=48, exposure=48,240.00
Conventional run=1: concurrency=64 workers=64 success=64 failed=0 rps=710.9 avgWall=76.8ms p50=78.0ms p95=88.2ms p99=89.2 maxWall=90.0ms toolCalls/flow=9.0 estToolInputTokens=63 estToolOutputTokens=814 estContextLoadTokens=1184 providerTokens=N/A activeHttpPeak=0 httpRetries=0
Conventional run=2: concurrency=64 workers=64 success=64 failed=0 rps=700.3 avgWall=78.2ms p50=80.2ms p95=90.7ms p99=91.0 maxWall=91.4ms toolCalls/flow=9.0 estToolInputTokens=63 estToolOutputTokens=814 estContextLoadTokens=1184 providerTokens=N/A activeHttpPeak=0 httpRetries=0
Conventional run=3: concurrency=64 workers=64 success=64 failed=0 rps=677.1 avgWall=77.6ms p50=80.0ms p95=94.0ms p99=94.4 maxWall=94.5ms toolCalls/flow=9.0 estToolInputTokens=63 estToolOutputTokens=814 estContextLoadTokens=1184 providerTokens=N/A activeHttpPeak=0 httpRetries=0
Conventional run=4: concurrency=64 workers=64 success=64 failed=0 rps=741.5 avgWall=71.3ms p50=72.6ms p95=84.6ms p99=86.0 maxWall=86.3ms toolCalls/flow=9.0 estToolInputTokens=63 estToolOutputTokens=814 estContextLoadTokens=1184 providerTokens=N/A activeHttpPeak=0 httpRetries=0
Conventional run=5: concurrency=64 workers=64 success=64 failed=0 rps=625.6 avgWall=85.2ms p50=89.3ms p95=99.5ms p99=102.0 maxWall=102.3ms toolCalls/flow=9.0 estToolInputTokens=63 estToolOutputTokens=814 estContextLoadTokens=1184 providerTokens=N/A activeHttpPeak=0 httpRetries=0
Conventional run=6: concurrency=64 workers=64 success=64 failed=0 rps=716.4 avgWall=76.7ms p50=79.1ms p95=87.7ms p99=89.1 maxWall=89.3ms toolCalls/flow=9.0 estToolInputTokens=63 estToolOutputTokens=814 estContextLoadTokens=1184 providerTokens=N/A activeHttpPeak=0 httpRetries=0
Conventional run=7: concurrency=64 workers=64 success=64 failed=0 rps=634.9 avgWall=86.7ms p50=88.8ms p95=97.9ms p99=99.9 maxWall=100.8ms toolCalls/flow=9.0 estToolInputTokens=63 estToolOutputTokens=814 estContextLoadTokens=1184 providerTokens=N/A activeHttpPeak=0 httpRetries=0
Conventional run=8: concurrency=64 workers=64 success=64 failed=0 rps=643.7 avgWall=81.4ms p50=83.5ms p95=96.4ms p99=99.0 maxWall=99.4ms toolCalls/flow=9.0 estToolInputTokens=63 estToolOutputTokens=814 estContextLoadTokens=1184 providerTokens=N/A activeHttpPeak=0 httpRetries=0
Conventional run=9: concurrency=64 workers=64 success=64 failed=0 rps=407.0 avgWall=97.7ms p50=77.5ms p95=155.7ms p99=156.5 maxWall=157.2ms toolCalls/flow=9.0 estToolInputTokens=63 estToolOutputTokens=814 estContextLoadTokens=1184 providerTokens=N/A activeHttpPeak=0 httpRetries=0
Conventional run=10: concurrency=64 workers=64 success=64 failed=0 rps=636.4 avgWall=85.7ms p50=88.4ms p95=98.5ms p99=100.2 maxWall=100.6ms toolCalls/flow=9.0 estToolInputTokens=63 estToolOutputTokens=814 estContextLoadTokens=1184 providerTokens=N/A activeHttpPeak=0 httpRetries=0
Conventional run=11: concurrency=64 workers=64 success=64 failed=0 rps=246.4 avgWall=201.7ms p50=242.4ms p95=258.5ms p99=259.7 maxWall=259.7ms toolCalls/flow=9.0 estToolInputTokens=63 estToolOutputTokens=814 estContextLoadTokens=1184 providerTokens=N/A activeHttpPeak=0 httpRetries=0
Conventional run=12: concurrency=64 workers=64 success=64 failed=0 rps=544.7 avgWall=99.4ms p50=100.4ms p95=115.6ms p99=117.3 maxWall=117.5ms toolCalls/flow=9.0 estToolInputTokens=63 estToolOutputTokens=814 estContextLoadTokens=1184 providerTokens=N/A activeHttpPeak=0 httpRetries=0
Conventional run=13: concurrency=64 workers=64 success=64 failed=0 rps=607.2 avgWall=90.9ms p50=94.6ms p95=104.1ms p99=104.9 maxWall=105.4ms toolCalls/flow=9.0 estToolInputTokens=63 estToolOutputTokens=814 estContextLoadTokens=1184 providerTokens=N/A activeHttpPeak=0 httpRetries=0
Conventional run=14: concurrency=64 workers=64 success=64 failed=0 rps=670.4 avgWall=73.6ms p50=76.5ms p95=87.5ms p99=91.7 maxWall=95.5ms toolCalls/flow=9.0 estToolInputTokens=63 estToolOutputTokens=814 estContextLoadTokens=1184 providerTokens=N/A activeHttpPeak=0 httpRetries=0
Conventional run=15: concurrency=64 workers=64 success=64 failed=0 rps=692.7 avgWall=73.8ms p50=73.6ms p95=89.9ms p99=91.2 maxWall=92.4ms toolCalls/flow=9.0 estToolInputTokens=63 estToolOutputTokens=814 estContextLoadTokens=1184 providerTokens=N/A activeHttpPeak=0 httpRetries=0
Conventional run=16: concurrency=64 workers=64 success=64 failed=0 rps=388.0 avgWall=145.9ms p50=152.0ms p95=163.8ms p99=164.9 maxWall=164.9ms toolCalls/flow=9.0 estToolInputTokens=63 estToolOutputTokens=814 estContextLoadTokens=1184 providerTokens=N/A activeHttpPeak=0 httpRetries=0
Conventional run=17: concurrency=64 workers=64 success=64 failed=0 rps=531.6 avgWall=94.4ms p50=93.3ms p95=116.7ms p99=120.1 maxWall=120.4ms toolCalls/flow=9.0 estToolInputTokens=63 estToolOutputTokens=814 estContextLoadTokens=1184 providerTokens=N/A activeHttpPeak=0 httpRetries=0
Conventional run=18: concurrency=64 workers=64 success=64 failed=0 rps=766.8 avgWall=69.4ms p50=70.5ms p95=81.2ms p99=82.5 maxWall=83.5ms toolCalls/flow=9.0 estToolInputTokens=63 estToolOutputTokens=814 estContextLoadTokens=1184 providerTokens=N/A activeHttpPeak=0 httpRetries=0
Conventional run=19: concurrency=64 workers=64 success=64 failed=0 rps=751.5 avgWall=76.8ms p50=77.9ms p95=83.8ms p99=84.7 maxWall=85.2ms toolCalls/flow=9.0 estToolInputTokens=63 estToolOutputTokens=814 estContextLoadTokens=1184 providerTokens=N/A activeHttpPeak=0 httpRetries=0
Conventional run=20: concurrency=64 workers=64 success=64 failed=0 rps=410.2 avgWall=141.6ms p50=142.3ms p95=154.6ms p99=155.9 maxWall=156.0ms toolCalls/flow=9.0 estToolInputTokens=63 estToolOutputTokens=814 estContextLoadTokens=1184 providerTokens=N/A activeHttpPeak=0 httpRetries=0
Conventional run=21: concurrency=64 workers=64 success=64 failed=0 rps=670.8 avgWall=79.3ms p50=77.8ms p95=93.7ms p99=95.0 maxWall=95.4ms toolCalls/flow=9.0 estToolInputTokens=63 estToolOutputTokens=814 estContextLoadTokens=1184 providerTokens=N/A activeHttpPeak=0 httpRetries=0
Conventional run=22: concurrency=64 workers=64 success=64 failed=0 rps=687.0 avgWall=79.6ms p50=81.9ms p95=89.9ms p99=91.9 maxWall=93.2ms toolCalls/flow=9.0 estToolInputTokens=63 estToolOutputTokens=814 estContextLoadTokens=1184 providerTokens=N/A activeHttpPeak=0 httpRetries=0
Conventional run=23: concurrency=64 workers=64 success=64 failed=0 rps=703.2 avgWall=74.6ms p50=77.1ms p95=87.7ms p99=89.6 maxWall=91.0ms toolCalls/flow=9.0 estToolInputTokens=63 estToolOutputTokens=814 estContextLoadTokens=1184 providerTokens=N/A activeHttpPeak=0 httpRetries=0
Conventional run=24: concurrency=64 workers=64 success=64 failed=0 rps=277.7 avgWall=160.7ms p50=213.7ms p95=226.9ms p99=230.3 maxWall=230.5ms toolCalls/flow=9.0 estToolInputTokens=63 estToolOutputTokens=814 estContextLoadTokens=1184 providerTokens=N/A activeHttpPeak=0 httpRetries=0
Conventional run=25: concurrency=64 workers=64 success=64 failed=0 rps=398.5 avgWall=130.0ms p50=153.1ms p95=159.1ms p99=160.2 maxWall=160.6ms toolCalls/flow=9.0 estToolInputTokens=63 estToolOutputTokens=814 estContextLoadTokens=1184 providerTokens=N/A activeHttpPeak=0 httpRetries=0
Conventional run=26: concurrency=64 workers=64 success=64 failed=0 rps=355.9 avgWall=160.0ms p50=166.9ms p95=179.0ms p99=179.6 maxWall=179.8ms toolCalls/flow=9.0 estToolInputTokens=63 estToolOutputTokens=814 estContextLoadTokens=1184 providerTokens=N/A activeHttpPeak=0 httpRetries=0
Conventional run=27: concurrency=64 workers=64 success=64 failed=0 rps=582.4 avgWall=91.9ms p50=92.6ms p95=107.0ms p99=109.3 maxWall=109.9ms toolCalls/flow=9.0 estToolInputTokens=63 estToolOutputTokens=814 estContextLoadTokens=1184 providerTokens=N/A activeHttpPeak=0 httpRetries=0
Conventional run=28: concurrency=64 workers=64 success=64 failed=0 rps=630.5 avgWall=85.6ms p50=85.5ms p95=100.1ms p99=100.7 maxWall=101.5ms toolCalls/flow=9.0 estToolInputTokens=63 estToolOutputTokens=814 estContextLoadTokens=1184 providerTokens=N/A activeHttpPeak=0 httpRetries=0
Conventional run=29: concurrency=64 workers=64 success=64 failed=0 rps=533.7 avgWall=101.5ms p50=102.9ms p95=117.3ms p99=118.8 maxWall=119.9ms toolCalls/flow=9.0 estToolInputTokens=63 estToolOutputTokens=814 estContextLoadTokens=1184 providerTokens=N/A activeHttpPeak=0 httpRetries=0
Conventional run=30: concurrency=64 workers=64 success=64 failed=0 rps=547.4 avgWall=100.8ms p50=104.6ms p95=115.2ms p99=116.0 maxWall=116.9ms toolCalls/flow=9.0 estToolInputTokens=63 estToolOutputTokens=814 estContextLoadTokens=1184 providerTokens=N/A activeHttpPeak=0 httpRetries=0
Foundgine run=1: concurrency=64 workers=64 success=64 failed=0 rps=309.0 avgWall=181.1ms p50=198.6ms p95=206.3ms p99=206.8 maxWall=207.1ms toolCalls/flow=6.0 estToolInputTokens=34 estToolOutputTokens=515 estContextLoadTokens=863 providerTokens=N/A activeHttpPeak=64 httpRetries=0
Foundgine run=2: concurrency=64 workers=64 success=64 failed=0 rps=307.7 avgWall=157.1ms p50=154.7ms p95=206.0ms p99=207.5 maxWall=208.0ms toolCalls/flow=6.0 estToolInputTokens=34 estToolOutputTokens=515 estContextLoadTokens=863 providerTokens=N/A activeHttpPeak=64 httpRetries=0
Foundgine run=3: concurrency=64 workers=64 success=64 failed=0 rps=631.1 avgWall=89.8ms p50=93.9ms p95=100.9ms p99=101.4 maxWall=101.4ms toolCalls/flow=6.0 estToolInputTokens=34 estToolOutputTokens=515 estContextLoadTokens=863 providerTokens=N/A activeHttpPeak=64 httpRetries=0
Foundgine run=4: concurrency=64 workers=64 success=64 failed=0 rps=712.0 avgWall=76.9ms p50=78.0ms p95=87.9ms p99=89.0 maxWall=89.9ms toolCalls/flow=6.0 estToolInputTokens=34 estToolOutputTokens=515 estContextLoadTokens=863 providerTokens=N/A activeHttpPeak=64 httpRetries=0
Foundgine run=5: concurrency=64 workers=64 success=64 failed=0 rps=386.6 avgWall=149.4ms p50=157.2ms p95=164.3ms p99=165.2 maxWall=165.5ms toolCalls/flow=6.0 estToolInputTokens=34 estToolOutputTokens=515 estContextLoadTokens=863 providerTokens=N/A activeHttpPeak=64 httpRetries=0
Foundgine run=6: concurrency=64 workers=64 success=64 failed=0 rps=649.1 avgWall=86.7ms p50=88.9ms p95=97.5ms p99=98.3 maxWall=98.6ms toolCalls/flow=6.0 estToolInputTokens=34 estToolOutputTokens=515 estContextLoadTokens=863 providerTokens=N/A activeHttpPeak=64 httpRetries=0
Foundgine run=7: concurrency=64 workers=64 success=64 failed=0 rps=639.3 avgWall=89.6ms p50=91.7ms p95=99.5ms p99=100.1 maxWall=100.1ms toolCalls/flow=6.0 estToolInputTokens=34 estToolOutputTokens=515 estContextLoadTokens=863 providerTokens=N/A activeHttpPeak=64 httpRetries=0
Foundgine run=8: concurrency=64 workers=64 success=64 failed=0 rps=358.0 avgWall=165.6ms p50=164.0ms p95=178.0ms p99=178.4 maxWall=178.8ms toolCalls/flow=6.0 estToolInputTokens=34 estToolOutputTokens=515 estContextLoadTokens=863 providerTokens=N/A activeHttpPeak=64 httpRetries=0
Foundgine run=9: concurrency=64 workers=64 success=64 failed=0 rps=369.9 avgWall=162.2ms p50=162.6ms p95=172.7ms p99=172.9 maxWall=173.0ms toolCalls/flow=6.0 estToolInputTokens=34 estToolOutputTokens=515 estContextLoadTokens=863 providerTokens=N/A activeHttpPeak=64 httpRetries=0
Foundgine run=10: concurrency=64 workers=64 success=64 failed=0 rps=300.8 avgWall=195.7ms p50=201.4ms p95=211.8ms p99=212.6 maxWall=212.8ms toolCalls/flow=6.0 estToolInputTokens=34 estToolOutputTokens=515 estContextLoadTokens=863 providerTokens=N/A activeHttpPeak=64 httpRetries=0
Foundgine run=11: concurrency=64 workers=64 success=64 failed=0 rps=603.8 avgWall=88.7ms p50=89.3ms p95=102.4ms p99=106.0 maxWall=106.0ms toolCalls/flow=6.0 estToolInputTokens=34 estToolOutputTokens=515 estContextLoadTokens=863 providerTokens=N/A activeHttpPeak=64 httpRetries=0
Foundgine run=12: concurrency=64 workers=64 success=64 failed=0 rps=712.5 avgWall=76.8ms p50=77.9ms p95=88.4ms p99=89.1 maxWall=89.8ms toolCalls/flow=6.0 estToolInputTokens=34 estToolOutputTokens=515 estContextLoadTokens=863 providerTokens=N/A activeHttpPeak=64 httpRetries=0
Foundgine run=13: concurrency=64 workers=64 success=64 failed=0 rps=593.1 avgWall=92.7ms p50=94.0ms p95=104.2ms p99=107.3 maxWall=107.9ms toolCalls/flow=6.0 estToolInputTokens=34 estToolOutputTokens=515 estContextLoadTokens=863 providerTokens=N/A activeHttpPeak=64 httpRetries=0
Foundgine run=14: concurrency=64 workers=64 success=64 failed=0 rps=609.5 avgWall=94.5ms p50=96.9ms p95=103.7ms p99=104.7 maxWall=105.0ms toolCalls/flow=6.0 estToolInputTokens=34 estToolOutputTokens=515 estContextLoadTokens=863 providerTokens=N/A activeHttpPeak=64 httpRetries=0
Foundgine run=15: concurrency=64 workers=64 success=64 failed=0 rps=204.0 avgWall=258.5ms p50=274.7ms p95=311.9ms p99=313.1 maxWall=313.7ms toolCalls/flow=6.0 estToolInputTokens=34 estToolOutputTokens=515 estContextLoadTokens=863 providerTokens=N/A activeHttpPeak=64 httpRetries=0
Foundgine run=16: concurrency=64 workers=64 success=64 failed=0 rps=333.8 avgWall=169.7ms p50=169.4ms p95=189.6ms p99=190.8 maxWall=191.7ms toolCalls/flow=6.0 estToolInputTokens=34 estToolOutputTokens=515 estContextLoadTokens=863 providerTokens=N/A activeHttpPeak=64 httpRetries=0
Foundgine run=17: concurrency=64 workers=64 success=64 failed=0 rps=699.9 avgWall=81.4ms p50=81.7ms p95=89.9ms p99=91.4 maxWall=91.4ms toolCalls/flow=6.0 estToolInputTokens=34 estToolOutputTokens=515 estContextLoadTokens=863 providerTokens=N/A activeHttpPeak=64 httpRetries=0
Foundgine run=18: concurrency=64 workers=64 success=64 failed=0 rps=597.2 avgWall=91.2ms p50=92.2ms p95=105.8ms p99=107.0 maxWall=107.2ms toolCalls/flow=6.0 estToolInputTokens=34 estToolOutputTokens=515 estContextLoadTokens=863 providerTokens=N/A activeHttpPeak=64 httpRetries=0
Foundgine run=19: concurrency=64 workers=64 success=64 failed=0 rps=610.0 avgWall=91.1ms p50=92.0ms p95=103.3ms p99=104.8 maxWall=104.9ms toolCalls/flow=6.0 estToolInputTokens=34 estToolOutputTokens=515 estContextLoadTokens=863 providerTokens=N/A activeHttpPeak=64 httpRetries=0
Foundgine run=20: concurrency=64 workers=64 success=64 failed=0 rps=322.6 avgWall=185.0ms p50=188.4ms p95=197.2ms p99=198.0 maxWall=198.4ms toolCalls/flow=6.0 estToolInputTokens=34 estToolOutputTokens=515 estContextLoadTokens=863 providerTokens=N/A activeHttpPeak=64 httpRetries=0
Foundgine run=21: concurrency=64 workers=64 success=64 failed=0 rps=346.8 avgWall=172.6ms p50=174.8ms p95=183.4ms p99=184.2 maxWall=184.5ms toolCalls/flow=6.0 estToolInputTokens=34 estToolOutputTokens=515 estContextLoadTokens=863 providerTokens=N/A activeHttpPeak=64 httpRetries=0
Foundgine run=22: concurrency=64 workers=64 success=64 failed=0 rps=566.6 avgWall=96.6ms p50=100.4ms p95=111.5ms p99=112.6 maxWall=113.0ms toolCalls/flow=6.0 estToolInputTokens=34 estToolOutputTokens=515 estContextLoadTokens=863 providerTokens=N/A activeHttpPeak=64 httpRetries=0
Foundgine run=23: concurrency=64 workers=64 success=64 failed=0 rps=682.9 avgWall=82.4ms p50=83.6ms p95=93.4ms p99=93.6 maxWall=93.7ms toolCalls/flow=6.0 estToolInputTokens=34 estToolOutputTokens=515 estContextLoadTokens=863 providerTokens=N/A activeHttpPeak=64 httpRetries=0
Foundgine run=24: concurrency=64 workers=64 success=64 failed=0 rps=278.5 avgWall=187.8ms p50=219.0ms p95=228.6ms p99=229.6 maxWall=229.8ms toolCalls/flow=6.0 estToolInputTokens=34 estToolOutputTokens=515 estContextLoadTokens=863 providerTokens=N/A activeHttpPeak=64 httpRetries=0
Foundgine run=25: concurrency=64 workers=64 success=64 failed=0 rps=355.1 avgWall=170.8ms p50=171.0ms p95=180.0ms p99=180.2 maxWall=180.2ms toolCalls/flow=6.0 estToolInputTokens=34 estToolOutputTokens=515 estContextLoadTokens=863 providerTokens=N/A activeHttpPeak=64 httpRetries=0
Foundgine run=26: concurrency=64 workers=64 success=64 failed=0 rps=366.2 avgWall=164.5ms p50=167.0ms p95=173.7ms p99=174.5 maxWall=174.8ms toolCalls/flow=6.0 estToolInputTokens=34 estToolOutputTokens=515 estContextLoadTokens=863 providerTokens=N/A activeHttpPeak=64 httpRetries=0
Foundgine run=27: concurrency=64 workers=64 success=64 failed=0 rps=739.8 avgWall=76.1ms p50=76.7ms p95=84.3ms p99=86.2 maxWall=86.5ms toolCalls/flow=6.0 estToolInputTokens=34 estToolOutputTokens=515 estContextLoadTokens=863 providerTokens=N/A activeHttpPeak=64 httpRetries=0
Foundgine run=28: concurrency=64 workers=64 success=64 failed=0 rps=649.1 avgWall=84.5ms p50=85.1ms p95=93.2ms p99=98.1 maxWall=98.6ms toolCalls/flow=6.0 estToolInputTokens=34 estToolOutputTokens=515 estContextLoadTokens=863 providerTokens=N/A activeHttpPeak=64 httpRetries=0
Foundgine run=29: concurrency=64 workers=64 success=64 failed=0 rps=233.2 avgWall=227.2ms p50=241.0ms p95=271.3ms p99=274.4 maxWall=274.5ms toolCalls/flow=6.0 estToolInputTokens=34 estToolOutputTokens=515 estContextLoadTokens=863 providerTokens=N/A activeHttpPeak=64 httpRetries=0
Foundgine run=30: concurrency=64 workers=64 success=64 failed=0 rps=638.6 avgWall=88.6ms p50=90.0ms p95=96.4ms p99=98.1 maxWall=100.2ms toolCalls/flow=6.0 estToolInputTokens=34 estToolOutputTokens=515 estContextLoadTokens=863 providerTokens=N/A activeHttpPeak=64 httpRetries=0

Concurrency: 64
Estimated context-load saving: 27.2%
Estimated tokens/run â?" Conventional: input=63, output=814, context=1184
Estimated tokens/run â?" Foundgine:    input=34, output=515, context=863
Provider input-token saving: N/A â?" replay mode
Provider total-token saving: N/A â?" replay mode
Tool-call saving: 33.3%
Expected final state verified: True
Verification failures: 0
Expected state: C:\Foundgine\benchmarks\AgentEndToEnd\Run2\artifacts\10000-customers\concurrency-064\expected-state.json
Reports: C:\Foundgine\benchmarks\AgentEndToEnd\Run2\artifacts\10000-customers\concurrency-064\agent-benchmark.json; C:\Foundgine\benchmarks\AgentEndToEnd\Run2\artifacts\10000-customers\concurrency-064\agent-benchmark.md

============================================
 Agent end-to-end benchmark completed
============================================
Reports written to: C:\Foundgine\benchmarks\AgentEndToEnd\Run2\artifacts
Removing benchmark containers and PostgreSQL volume...
